merged_spelling,ipa,langid
{hbs}abdest,ǎ b d e s t,0
{hbs}afera,a f ěː r a,0
{hbs}afrički,ǎ f r i t͡ʃ k iː,0
{hbs}agencija,a ɡ ě n t͡s i j a,0
{hbs}agonija,a ɡ ǒ n i j a,0
{hbs}alarm,ǎ l a r m,0
{hbs}ali,â l i,0
{hbs}ambrozija,ǎ m b r oː z i j a,0
{hbs}amer,â m e r,0
{hbs}amfiteatralan,a m f i t ě a t r aː l a n,0
{hbs}amfora,ǎ m f o r a,0
{hbs}anarhija,a n ǎ r x i j a,0
{hbs}anatom,a n ǎ t oː m,0
{hbs}andora,a n d ôː r a,0
{hbs}animacija,a n i m ǎː t͡s i j a,0
{hbs}anonimno,â n o n iː m n o,0
{hbs}antun,ǎ n t uː n,0
{hbs}apetit,a p ě t iː t,0
{hbs}aplikacija,a p l i k ǎː t͡s i j a,0
{hbs}apsorbirati,a p s o r b ǐː r a t i,0
{hbs}apstraktan,ǎ p s t r a k t a n,0
{hbs}arabija,ǎ r aː b i j a,0
{hbs}argentinac,a r ɡ e n t ǐː n a t͡s,0
{hbs}arheološki,a r x e ǒ l o ʃ k iː,0
{hbs}arhipelag,a r x i p ě l aː ɡ,0
{hbs}artiljerija,a r t i ʎ ě r i j a,0
{hbs}artičoka,a r t i t͡ʃ ǒː k a,0
{hbs}as,â s,0
{hbs}astma,ǎ s t m a,0
{hbs}astronomija,a s t r o n ǒ m i j a,0
{hbs}atlanta,a t l ǎ n t a,0
{hbs}atletičarka,a t l ě t i t͡ʃ aː r k a,0
{hbs}atom,ǎ t oː m,0
{hbs}automat,a u t ǒ m aː t,0
{hbs}azilant,a z ǐ l a n t,0
{hbs}bahrein,b ǎ x r e i n,0
{hbs}bakterija,b ǎ k t eː r i j a,0
{hbs}balerina,b a l e r ǐː n a,0
{hbs}balet,b ǎ l eː t,0
{hbs}balkon,b ǎ l k oː n,0
{hbs}bankar,b ǎ n k aː r,0
{hbs}baršun,b ǎ r ʃ uː n,0
{hbs}bend,b ê n d,0
{hbs}berba,b ě r b a,0
{hbs}berza,b ê r z a,0
{hbs}beskoristan,b ê s k o r iː s t a n,0
{hbs}besplatan,b ě s p l a t a n,0
{hbs}bezgrešan,b ě z ɡ r e ʃ a n,0
{hbs}bezvezno,b ě z ʋ e z n o,0
{hbs}bijedno,b j êː d n o,0
{hbs}bijesan,b j ěː s a n,0
{hbs}birač,b ǐ r aː t͡ʃ,0
{hbs}birački,b ǐ r aː t͡ʃ k iː,0
{hbs}biter,b ǐ t e r,0
{hbs}bitno,b î t n o,0
{hbs}biće,b ǐː t͡ɕ e,0
{hbs}blagdan,b l â ɡ d aː n,0
{hbs}blagoslov,b l â ɡ o s l oː ʋ,0
{hbs}blistav,b l î s t a ʋ,0
{hbs}bog,b ôː ɡ,0
{hbs}bor,b ôː r,0
{hbs}boriti,b ǒ r i t i,0
{hbs}bosna,b ô s n a,0
{hbs}branilac,b r ǎ n i l a t͡s,0
{hbs}brdski,b r̂ d s k iː,0
{hbs}brinuti,b r î n u t i,0
{hbs}britanski,b r ǐ t aː n s k iː,0
{hbs}brojčanik,b r o j t͡ʃ ǎ n iː k,0
{hbs}budalaština,b u d a l ǎː ʃ t i n a,0
{hbs}budnica,b ǔː d n i t͡s a,0
{hbs}buha,b ǔ x a,0
{hbs}buki,b ǔ k i,0
{hbs}bukvar,b ǔ k ʋ aː r,0
{hbs}bure,b û r e,0
{hbs}burmanski,b ǔ r m a n s k iː,0
{hbs}burza,b û r z a,0
{hbs}carica,t͡s â r i t͡s a,0
{hbs}carigradski,t͡s ǎ r i ɡ r a d s k iː,0
{hbs}ceh,t s ê x,0
{hbs}centarfor,t͡s ê n t a r f oː r,0
{hbs}centurion,t͡s e n t u r ǐ oː n,0
{hbs}cijena,t͡s i j ěː n a,0
{hbs}ciljan,t͡s îː ʎ a n,0
{hbs}cimet,t͡s ǐ m e t,0
{hbs}cisterna,t͡s ǐ s t eː r n a,0
{hbs}cjelokupan,t͡s j e l ǒ k u p a n,0
{hbs}crnogorac,t͡s r n ǒ ɡ o r a t͡s,0
{hbs}cunami,t͡s u n ǎː m i,0
{hbs}dalekovidnost,d a l e k ǒ ʋ i d n oː s t,0
{hbs}damask,d ǎ m a s k,0
{hbs}danac,d ǎː n a t͡s,0
{hbs}danska,d âː n s k aː,0
{hbs}darežljiv,d a r ě ʒ ʎ i ʋ,0
{hbs}datoteka,d a t o t ěː k a,0
{hbs}degradirati,d e ɡ r a d ǐː r a t i,0
{hbs}dekorativan,d ê k o r a t iː ʋ a n,0
{hbs}delimično,d ê l i m i t͡ʃ n o,0
{hbs}delovati,d ê l o ʋ a t i,0
{hbs}delta,d ê l t a,0
{hbs}demanti,d ě m a n t i,0
{hbs}desetljeće,d ê s e t ʎ e t͡ɕ e,0
{hbs}desetoro,d ê s e t o r o,0
{hbs}desiti,d ê s i t i,0
{hbs}devetnaest,d e ʋ ě t n a eː s t,0
{hbs}dignuti,d î ɡ n u t i,0
{hbs}diplomacija,d i p l o m ǎ t͡s i j a,0
{hbs}direktorica,d i r e k t ǒ r i t͡s a,0
{hbs}dirigent,d i r ǐ ɡ e n t,0
{hbs}diskretan,d ǐ s k r e t a n,0
{hbs}dizati,d î z a t i,0
{hbs}djelatnost,d j e l ǎː t n oː s t,0
{hbs}djelotvoran,d j ê l o t ʋ oː r a n,0
{hbs}djetinjasto,d j ě t i ɲ a s t o,0
{hbs}dobaciti,d o b ǎː t͡s i t i,0
{hbs}dobrodošli,d o b r o d ǒ ʃ l i,0
{hbs}dobrovoljac,d o b r o ʋ ǒː ʎ a t͡s,0
{hbs}dodati,d ǒ d a t i,0
{hbs}dohvat,d ô x ʋ aː t,0
{hbs}doktorat,d o k t ǒ r aː t,0
{hbs}dominacija,d o m i n ǎː t͡s i j a,0
{hbs}dopasti,d ǒ p a s t i,0
{hbs}dopunski,d ǒ p u n s k iː,0
{hbs}dopustiti,d o p ǔ s t i t i,0
{hbs}dosadan,d ô s aː d a n,0
{hbs}dosta,d ô s t a,0
{hbs}dostaviti,d ǒ s t a ʋ i t i,0
{hbs}dostupnost,d ǒ s t u p n oː s t,0
{hbs}dovoditi,d o ʋ ǒ d i t i,0
{hbs}doček,d ǒ t͡ʃ e k,0
{hbs}doživljaj,d ô ʒ i ʋ ʎ aː j,0
{hbs}drača,d r â t͡ʃ a,0
{hbs}drhtaj,d r̂ x t aː j,0
{hbs}drukčije,d r ǔ k t͡ʃ i j eː,0
{hbs}drukčiji,d r ǔ k t͡ʃ i j iː,0
{hbs}drvored,d r̂ ʋ o r eː d,0
{hbs}dvadeset,d ʋ ǎː d e s e t,0
{hbs}džabe,d͡ʒ â b eː,0
{hbs}džin,d͡ʒ î n,0
{hbs}efektno,ě f e k t n o,0
{hbs}egzodus,e ɡ z ǒː d u s,0
{hbs}ekvator,ě k ʋ aː t o r,0
{hbs}emigracija,e m i ɡ r ǎː t͡s i j a,0
{hbs}emigrant,e m ǐ ɡ r a n t,0
{hbs}epruveta,e p r u ʋ ě t a,0
{hbs}erekcija,e r ě k t͡s i j a,0
{hbs}fabrika,f ǎ b r i k a,0
{hbs}federacija,f e d e r ǎː t͡s i j a,0
{hbs}feniks,f ěː n i k s,0
{hbs}finalist,f i n ǎ l i s t,0
{hbs}firma,f îː r m a,0
{hbs}fizika,f ǐ z i k a,0
{hbs}fjaka,f j â k a,0
{hbs}fontana,f ǒ n t aː n a,0
{hbs}forum,f ǒː r u m,0
{hbs}frustriran,f r ǔ s t r iː r a n,0
{hbs}fuj,f u j,0
{hbs}gaj,ɡ âː j,0
{hbs}galantnost,ɡ a l ǎ n t n oː s t,0
{hbs}galeb,ɡ â l eː b,0
{hbs}galop,ɡ ǎ l o p,0
{hbs}garderoba,ɡ a r d e r ǒː b a,0
{hbs}gas,ɡ âː s,0
{hbs}gimnastika,ɡ i m n ǎ s t i k a,0
{hbs}ginekolog,ɡ i n e k ǒ l o ɡ,0
{hbs}glasina,ɡ l ǎ s i n a,0
{hbs}gospodar,ɡ o s p ǒ d aː r,0
{hbs}gospodarski,ɡ o s p ǒ d aː r s k iː,0
{hbs}gramatika,ɡ r a m ǎ t i k a,0
{hbs}gravitacija,ɡ r a ʋ i t ǎː t͡s i j a,0
{hbs}grkinja,ɡ r̂ k i ɲ a,0
{hbs}grudnjak,ɡ r ûː d ɲ aː k,0
{hbs}guzica,ɡ ǔ z i t͡s a,0
{hbs}hag,x âː ɡ,0
{hbs}halucinacija,x a l u t͡s i n ǎː t͡s i j a,0
{hbs}han,x âː n,0
{hbs}himen,x îː m e n,0
{hbs}hirovitost,x i r ǒ ʋ i t oː s t,0
{hbs}historiografija,x i s t o r i o ɡ r ǎ f i j a,0
{hbs}hladnokrvno,x l â d n o k rː ʋ n o,0
{hbs}horizontalno,x ô r i z o n t aː l n o,0
{hbs}hormon,x ǒ r m oː n,0
{hbs}horoz,x ô r oː z,0
{hbs}hrabrost,x r ǎː b r oː s t,0
{hbs}hrast,x r âː s t,0
{hbs}hrpa,x ř p a,0
{hbs}identifikacija,i d e n t i f i k ǎː t͡s i j a,0
{hbs}igrač,ǐ ɡ r aː t͡ʃ,0
{hbs}ilirski,ǐ l iː r s k iː,0
{hbs}imenik,î m e n iː k,0
{hbs}implikacija,i m p l i k ǎː t͡s i j a,0
{hbs}implozija,ǐ m p l oː z i j a,0
{hbs}inače,î n aː t͡ʃ e,0
{hbs}individualizam,i n d i ʋ i d u a l ǐ z a m,0
{hbs}individualnost,i n d i ʋ i d u ǎː l n oː s t,0
{hbs}infarkt,ǐ n f a r k t,0
{hbs}insekt,ǐ n s e k t,0
{hbs}instalacija,i n s t a l ǎː t͡s i j a,0
{hbs}intuitivno,î n t u i t iː ʋ n o,0
{hbs}investicijski,i n ʋ e s t ǐː t͡s iː j s k iː,0
{hbs}inzulin,i n z ǔ l iː n,0
{hbs}ionako,i o n ǎ k oː,0
{hbs}irska,îː r s k aː,0
{hbs}iskoristiti,i s k o r ǐ s t i t i,0
{hbs}iskoristivost,i s k o r ǐ s t i ʋ oː s t,0
{hbs}islandski,ǐ s l a n d s k iː,0
{hbs}ispisivati,i s p i s ǐː ʋ a t i,0
{hbs}ispomoć,î s p o m oː t͡ɕ,0
{hbs}ispovijest,ǐ s p o ʋ j eː s t,0
{hbs}istaći,ǐ s t a t͡ɕ i,0
{hbs}istra,î s t r a,0
{hbs}istražiti,i s t r ǎː ʒ i t i,0
{hbs}isus,ǐ s u s,0
{hbs}ivana,ǐ ʋ a n a,0
{hbs}izbočina,ǐ z b o t͡ʃ i n a,0
{hbs}izdavač,i z d ǎ ʋ aː t͡ʃ,0
{hbs}izgradnja,i z ɡ r ǎː d ɲ a,0
{hbs}izgubljen,ǐ z ɡ u b ʎ e n,0
{hbs}izjava,î z j a ʋ a,0
{hbs}izlječiv,i z ʎ ě t͡ʃ i ʋ,0
{hbs}izložiti,i z l ǒ ʒ i t i,0
{hbs}izniman,ǐ z n iː m a n,0
{hbs}izrael,ǐ z r a e l,0
{hbs}izrezati,ǐ z r e z a t i,0
{hbs}izricati,i z r ǐː t͡s a t i,0
{hbs}izvedenica,i z ʋ e d ě n i t͡s a,0
{hbs}izvediv,i z ʋ ě d i ʋ,0
{hbs}izvjesno,î z ʋ j e s n o,0
{hbs}izvještavati,i z ʋ j e ʃ t ǎː ʋ a t i,0
{hbs}jahanje,j â x aː ɲ e,0
{hbs}jamstvo,j ǎ m s t ʋ o,0
{hbs}jamčiti,j â m t͡ʃ i t i,0
{hbs}januar,j â n u aː r,0
{hbs}jasno,j â s n o,0
{hbs}jačati,j ǎ t͡ʃ a t i,0
{hbs}jedanput,j e d ǎ m p uː t,0
{hbs}jeftin,j ê f t i n,0
{hbs}jeka,j ê k a,0
{hbs}jesenas,j e s ě n a s,0
{hbs}jetra,j ê t r a,0
{hbs}jezgra,j ěː z ɡ r a,0
{hbs}jeziv,j ě z i ʋ,0
{hbs}jezički,j ě z i t͡ʃ k iː,0
{hbs}ju,j u,0
{hbs}jure,j û r e,0
{hbs}juriš,j û r iː ʃ,0
{hbs}jutro,j û t r o,0
{hbs}kafana,k a f ǎ n a,0
{hbs}kaiš,k ǎ i ʃ,0
{hbs}kamen,k â m eː n,0
{hbs}kamerunski,k â m e r uː n s k iː,0
{hbs}kampućija,k a m p ǔ t͡ɕ i j a,0
{hbs}kandidat,k a n d ǐ d aː t,0
{hbs}kapela,k a p ěː l a,0
{hbs}kasniti,k ǎ s n i t i,0
{hbs}katastrofalno,k â t a s t r o f aː l n o,0
{hbs}katedrala,k a t e d r ǎː l a,0
{hbs}kazalište,k ǎ z a l iː ʃ t e,0
{hbs}kazalo,k ǎ z a l o,0
{hbs}kenija,k êː n i j a,0
{hbs}kiša,k î ʃ a,0
{hbs}kletva,k l êː t ʋ a,0
{hbs}klizav,k l î z a ʋ,0
{hbs}kljova,k ʎ ôː ʋ a,0
{hbs}knez,k n êː z,0
{hbs}knjiga,k ɲ î ɡ a,0
{hbs}knut,k n û t,0
{hbs}koalicija,k o a l ǐː t͡s i j a,0
{hbs}koalirati,k o a l ǐː r a t i,0
{hbs}koliba,k ǒ l i b a,0
{hbs}kolica,k o l ǐː t͡s a,0
{hbs}kolonizacija,k o l o n i z ǎː t͡s i j a,0
{hbs}kombajn,k ǒ m b a j n,0
{hbs}komorač,k o m ǒ r aː t͡ʃ,0
{hbs}komplet,k ǒ m p l e t,0
{hbs}kompromis,k o m p r ǒ m i s,0
{hbs}konačan,k ǒ n a t͡ʃ a n,0
{hbs}koncert,k ǒ n t͡s e r t,0
{hbs}koncesija,k o n t͡s ě s i j a,0
{hbs}kongresmen,k ǒ n ɡ r e s m e n,0
{hbs}konj,k ô ɲ,0
{hbs}konotacija,k o n o t ǎː t͡s i j a,0
{hbs}konstruirati,k o n s t r u ǐː r a t i,0
{hbs}kontinuiran,k o n t i n ǔ iː r a n,0
{hbs}kopar,k ô p a r,0
{hbs}koreograf,k o r e ǒ ɡ r a f,0
{hbs}korov,k ǒː r o ʋ,0
{hbs}kos,k ôː s,0
{hbs}kotar,k ô t aː r,0
{hbs}kotizacija,k o t i z ǎː t͡s i j a,0
{hbs}kočnica,k ô t͡ʃ n i t͡s a,0
{hbs}koštac,k ǒ ʃ t a t͡s,0
{hbs}košćan,k ǒ ʃ t͡ɕ a n,0
{hbs}krajnje,k r âː j ɲ eː,0
{hbs}krajnost,k r ǎː j n oː s t,0
{hbs}krak,k r âː k,0
{hbs}kralj,k r âː ʎ,0
{hbs}kratak,k r ǎ t a k,0
{hbs}kreacija,k r e ǎː t͡s i j a,0
{hbs}krevet,k r ě ʋ e t,0
{hbs}krf,k r̂ f,0
{hbs}krin,k r îː n,0
{hbs}kritično,k r ǐ t i t͡ʃ n o,0
{hbs}krivični,k r ǐ ʋ i t͡ʃ n iː,0
{hbs}krivo,k r îː ʋ o,0
{hbs}krmak,k řː m a k,0
{hbs}krnjav,k r̂ ɲ a ʋ,0
{hbs}krompir,k r ǒ m p iː r,0
{hbs}kročiti,k r ǒ t͡ʃ i t i,0
{hbs}kukati,k û k a t i,0
{hbs}kultni,k û l t n iː,0
{hbs}kuna,k ǔː n a,0
{hbs}kurvica,k ûː r ʋ i t͡s a,0
{hbs}laboratorij,l a b o r a t oː r i j,0
{hbs}lagati,l ǎ ɡ a t i,0
{hbs}lajavo,l â j a ʋ o,0
{hbs}lakovjerno,l â k o ʋ j eː r n o,0
{hbs}lanjski,l ǎ ɲ s k iː,0
{hbs}lansirati,l a n s ǐː r a t i,0
{hbs}ledina,l ě d i n a,0
{hbs}lepo,l êː p o,0
{hbs}letva,l ê t ʋ a,0
{hbs}leđa,l ěː d͡ʑ a,0
{hbs}liberalan,l î b e r aː l a n,0
{hbs}lice,l ǐː t͡s e,0
{hbs}lider,l ǐː d e r,0
{hbs}liga,l ǐː ɡ a,0
{hbs}lijeno,l j êː n o,0
{hbs}lijenost,l i j ěː n oː s t,0
{hbs}lijep,l i j êː p,0
{hbs}lijes,l i j êː s,0
{hbs}likvidacija,l i k ʋ i d ǎː t͡s i j a,0
{hbs}liturgija,l i t ǔ r ɡ i j a,0
{hbs}litvanski,l ǐ t ʋ aː n s k iː,0
{hbs}ljeti,ʎ ê t i,0
{hbs}ljetos,ʎ ê t oː s,0
{hbs}ljubica,ʎ û b i t͡s a,0
{hbs}lobotomija,l o b o t ǒ m i j a,0
{hbs}logos,l ôː ɡ o s,0
{hbs}london,l ǒ n d oː n,0
{hbs}lopov,l ǒː p o ʋ,0
{hbs}lord,l ô r d,0
{hbs}los,l ô s,0
{hbs}lovorov,l ô ʋ o r o ʋ,0
{hbs}luka,l ǔː k a,0
{hbs}lukavac,l û k a ʋ a t͡s,0
{hbs}luteranski,l u t ě r aː n s k iː,0
{hbs}maglica,m ǎ ɡ l i t͡s a,0
{hbs}magličast,m ǎ ɡ l i t͡ʃ a s t,0
{hbs}mahala,m ǎ x a l a,0
{hbs}malo,m â l o,0
{hbs}maloljetnik,m â l o ʎ e t n iː k,0
{hbs}mamiti,m ǎː m i t i,0
{hbs}manipulacija,m a n i p u l ǎː t͡s i j a,0
{hbs}mapa,m â p a,0
{hbs}marke,m ǎ r k e,0
{hbs}masakr,m a s ǎ k r,0
{hbs}maslina,m ǎ s l i n a,0
{hbs}materica,m â t e r i t͡s a,0
{hbs}materijal,m a t e r ǐ j aː l,0
{hbs}mati,m â t i,0
{hbs}mediteran,m e d i t ě r aː n,0
{hbs}megdan,m ě ɡ d aː n,0
{hbs}mekan,m ê k a n,0
{hbs}meta,m ěː t a,0
{hbs}metabolizam,m e t a b o l ǐ z a m,0
{hbs}metropola,m e t r ǒ p o l a,0
{hbs}meze,m ě z e,0
{hbs}micati,m î t͡s a t i,0
{hbs}milijun,m i l ǐ j uː n,0
{hbs}milion,m i l ǐ oː n,0
{hbs}mimo,m î m o,0
{hbs}mineral,m i n ě r aː l,0
{hbs}minimalan,m î n i m aː l a n,0
{hbs}mistično,m ǐ s t i t͡ʃ n o,0
{hbs}mitologija,m i t o l ǒ ɡ i j a,0
{hbs}mleti,m l ê t i,0
{hbs}mol,m ôː l,0
{hbs}monarh,m ǒ n a r x,0
{hbs}monolog,m o n ǒ l o ɡ,0
{hbs}motivacija,m o t i ʋ ǎː t͡s i j a,0
{hbs}možda,m ǒ ʒ d a,0
{hbs}mramor,m r â m o r,0
{hbs}mršav,m r̂ ʃ a ʋ,0
{hbs}mudrac,m ǔ d r a t͡s,0
{hbs}muftija,m ǔ f t i j a,0
{hbs}mulac,m ǔː l a t͡s,0
{hbs}mučenica,m û t͡ʃ e n i t͡s a,0
{hbs}mušica,m ǔ ʃ i t͡s a,0
{hbs}muževnost,m u ʒ ěː ʋ n oː s t,0
{hbs}nacrtati,n ǎ t͡s r t a t i,0
{hbs}nadzor,n ǎː d z o r,0
{hbs}nafta,n â f t a,0
{hbs}nagađati,n a ɡ ǎː d͡ʑ a t i,0
{hbs}nagib,n ǎː ɡ i b,0
{hbs}nagristi,n ǎ ɡ r i s t i,0
{hbs}nahraniti,n a x r ǎː n i t i,0
{hbs}naivnost,n a ǐː ʋ n oː s t,0
{hbs}nakaza,n ǎː k a z a,0
{hbs}naklada,n âː k l a d a,0
{hbs}nakon,n ǎ k o n,0
{hbs}nana,n ǎː n a,0
{hbs}naočare,n â o t͡ʃ aː r e,0
{hbs}napon,n ǎː p o n,0
{hbs}napredovati,n ǎ p r e d o ʋ a t i,0
{hbs}napuštati,n a p ǔː ʃ t a t i,0
{hbs}narandža,n ǎ r aː n d͡ʒ a,0
{hbs}naricati,n a r ǐː t͡s a t i,0
{hbs}narudžba,n ǎː r u d͡ʒ b a,0
{hbs}narukvica,n ǎ r u k ʋ i t͡s a,0
{hbs}naručiti,n a r ǔː t͡ʃ i t i,0
{hbs}nasilje,n ǎː s iː ʎ e,0
{hbs}nasilnik,n ǎː s iː l n iː k,0
{hbs}nasljeđe,n ǎː s ʎ eː d͡ʑ e,0
{hbs}naslovnik,n ǎː s l oː ʋ n iː k,0
{hbs}naučiti,n a ǔ t͡ʃ i t i,0
{hbs}naučnik,n ǎ u t͡ʃ n iː k,0
{hbs}navići,n ǎ ʋ i t͡ɕ i,0
{hbs}neboder,n ê b o d eː r,0
{hbs}neizvjestan,n ê i z ʋ j e s t a n,0
{hbs}nejasno,n ě j a s n o,0
{hbs}nejasnoća,n e j a s n ǒ t͡ɕ a,0
{hbs}nekad,n ê k a d,0
{hbs}nekidan,n ê k i d aː n,0
{hbs}nekompetentnost,n e k o m p e t ě n t n oː s t,0
{hbs}nekulturan,n ê k u l t uː r a n,0
{hbs}nelagoda,n ê l a ɡ o d a,0
{hbs}neljudski,n ê ʎ u d s k iː,0
{hbs}nemoćan,n ê m o t͡ɕ a n,0
{hbs}nenadmašiv,n e n a d m ǎ ʃ i ʋ,0
{hbs}nenamjerno,n e n ǎː m j e r n o,0
{hbs}neodgovorno,n ê o d ɡ o ʋ oː r n o,0
{hbs}neodoljivo,n e o d ǒ ʎ i ʋ o,0
{hbs}neodređen,n e ǒ d r eː d͡ʑ e n,0
{hbs}neosvojiv,n e o s ʋ ǒ j i ʋ,0
{hbs}neovisno,n ê o ʋ i s n o,0
{hbs}neočekivan,n e o t͡ʃ ě k iː ʋ aː n,0
{hbs}nepal,n ě p aː l,0
{hbs}nepotrebno,n ê p o t r e b n o,0
{hbs}neprijatan,n ê p r i j aː t a n,0
{hbs}neprimetno,n ê p r i m e t n o,0
{hbs}neprimjeren,n e p r ǐ m j e r e n,0
{hbs}neprincipijelan,n ê p r i n t͡s i p i j eː l a n,0
{hbs}neproduktivan,n ê p r o d u k t iː ʋ a n,0
{hbs}nesebičan,n ê s e b i t͡ʃ a n,0
{hbs}neshvaćen,n ě s x ʋ a t͡ɕ e n,0
{hbs}nestrpljiv,n e s t ř p ʎ i ʋ,0
{hbs}neuspelost,n ê u s p e l oː s t,0
{hbs}nezavisnost,n e z ǎː ʋ i s n oː s t,0
{hbs}nezdrav,n ě z d r a ʋ,0
{hbs}nećemo,n êː t͡ɕ eː m o,0
{hbs}nečiji,n ê t͡ʃ i j iː,0
{hbs}nihilist,n i x ǐ l i s t,0
{hbs}nijansa,n i j ǎ n s a,0
{hbs}nikuda,n î k u d a,0
{hbs}nimalo,n ǐ m a l o,0
{hbs}nivo,n ǐ ʋ oː,0
{hbs}nje,ɲ êː,0
{hbs}nogomet,n ô ɡ o m eː t,0
{hbs}norman,n ǒ r m aː n,0
{hbs}norvežanin,n o r ʋ ěː ʒ a n i n,0
{hbs}nosač,n ǒ s aː t͡ʃ,0
{hbs}novak,n ǒ ʋ aː k,0
{hbs}novčanica,n o ʋ t͡ʃ ǎ n i t͡s a,0
{hbs}noću,n ô t͡ɕ u,0
{hbs}obavezan,ô b a ʋ e z a n,0
{hbs}obavijest,ô b a ʋ j eː s t,0
{hbs}obilježavati,o b i ʎ e ʒ ǎː ʋ a t i,0
{hbs}obilježiti,o b ǐ ʎ e ʒ i t i,0
{hbs}obitelj,o b ǐː t e ʎ,0
{hbs}objektivan,ô b j e k t iː ʋ a n,0
{hbs}oblačiti,o b l ǎː t ʃ i t i,0
{hbs}obojica,o b ǒ j i t͡s a,0
{hbs}obrazložiti,o b r a z l ǒ ʒ i t i,0
{hbs}obrazovati,ǒ b r a z o ʋ a t i,0
{hbs}obrok,ǒ b r o k,0
{hbs}ocean,o t͡s ě aː n,0
{hbs}oda,ǒː d a,0
{hbs}odaziv,ô d a z iː ʋ,0
{hbs}odgoj,ǒ d ɡ o j,0
{hbs}odlazak,ǒ d l a z a k,0
{hbs}odlomak,ǒ d l o m a k,0
{hbs}odmor,ǒ d m o r,0
{hbs}odrediti,o d r ěː d i t i,0
{hbs}održavati,o d r ʒ ǎː ʋ a t i,0
{hbs}odstupiti,o d s t ǔː p i t i,0
{hbs}odviše,ô d ʋ i ʃ eː,0
{hbs}odšteta,ô d ʃ t e t a,0
{hbs}oganj,ǒ ɡ a ɲ,0
{hbs}ograditi,o ɡ r ǎː d i t i,0
{hbs}ogranak,ǒ ɡ r a n a k,0
{hbs}okititi,ǒ k i t i t i,0
{hbs}okolnost,o k ǒː l n oː s t,0
{hbs}okršaj,ô k r ʃ aː j,0
{hbs}olib,ǒ l i b,0
{hbs}olimpizam,o l i m p ǐ z a m,0
{hbs}olupina,ǒ l u p i n a,0
{hbs}onako,o n ǎ k oː,0
{hbs}opadati,o p ǎː d a t i,0
{hbs}opatica,o p ǎ t i t͡s a,0
{hbs}opekotina,o p e k ǒ t i n a,0
{hbs}ophoditi,o p x ǒ d i t i,0
{hbs}oprostite,o p r ǒ s t i t e,0
{hbs}opruga,ô p r u ɡ a,0
{hbs}opsesija,o p s ě s i j a,0
{hbs}opsjena,ô p s j e n a,0
{hbs}opteretiti,o p t ě r e t i t i,0
{hbs}organizacija,o r ɡ a n i z ǎː t͡s i j a,0
{hbs}organski,ǒ r ɡ aː n s k iː,0
{hbs}originalan,ô r i ɡ i n aː l a n,0
{hbs}osećajnost,o s e t͡ɕ ǎː j n oː s t,0
{hbs}osjećati,ǒ s j e t͡ɕ a t i,0
{hbs}oslanjati,ǒ s l a ɲ a t i,0
{hbs}osmi,ô s m iː,0
{hbs}osporiti,o s p ǒ r i t i,0
{hbs}osvježiti,ǒ s ʋ j e ʒ i t i,0
{hbs}otočić,ǒ t o t͡ʃ i t͡ɕ,0
{hbs}otvoriti,o t ʋ ǒ r i t i,0
{hbs}ovca,ǒː ʋ t͡s a,0
{hbs}ovisan,ǒ ʋ i s a n,0
{hbs}ovisno,ǒ ʋ i s n o,0
{hbs}očekivati,o t͡ʃ e k ǐː ʋ a t i,0
{hbs}oštro,ô ʃ t r o,0
{hbs}pakao,p ǎ k a o,0
{hbs}palanka,p ǎ l aː n k a,0
{hbs}panama,p ǎ n a m a,0
{hbs}paranoičan,p a r a n ǒ i t͡ʃ a n,0
{hbs}paranoja,p a r a n ǒː j a,0
{hbs}parfem,p ǎ r f eː m,0
{hbs}pariz,p ǎ r iː z,0
{hbs}pasivno,p â s iː ʋ n o,0
{hbs}patrijarhalan,p â t r i j a r x aː l a n,0
{hbs}paviljon,p a ʋ ǐ ʎ oː n,0
{hbs}pažnja,p ǎ ʒ ɲ a,0
{hbs}pelud,p ě l u d,0
{hbs}personalan,p ê r s o n aː l a n,0
{hbs}perspektiva,p e r s p e k t ǐː ʋ a,0
{hbs}pesnik,p ê s n iː k,0
{hbs}peći,p ê t͡ɕ i,0
{hbs}pijevac,p i j ěː ʋ a t͡s,0
{hbs}pik,p î k,0
{hbs}pile,p î l e,0
{hbs}pisme,p îː s m e,0
{hbs}piti,p î t i,0
{hbs}pizda,p ǐː z d a,0
{hbs}pjesnik,p j ê s n iː k,0
{hbs}plamenac,p l a m ěː n a t͡s,0
{hbs}plata,p l ǎː t a,0
{hbs}platina,p l ǎ t i n a,0
{hbs}platiti,p l ǎː t i t i,0
{hbs}platiša,p l ǎ t i ʃ a,0
{hbs}platno,p l ǎː t n o,0
{hbs}plač,p l â t͡ʃ,0
{hbs}plišani,p l ǐ ʃ a n iː,0
{hbs}pluća,p l ǔː t͡ɕ a,0
{hbs}pobednik,p ǒ b e d n iː k,0
{hbs}poboljšanje,p o b o ʎ ʃ ǎː ɲ e,0
{hbs}podgorica,p ǒ d ɡ o r i t͡s a,0
{hbs}podignuti,p ǒ d i ɡ n u t i,0
{hbs}podnijeti,p ǒ d n j eː t i,0
{hbs}područje,p ǒ d r uː t͡ʃ j e,0
{hbs}podržati,p o d ř ʒ a t i,0
{hbs}podsvijest,p ô d s ʋ i j eː s t,0
{hbs}podvala,p ô d ʋ a l a,0
{hbs}podvaliti,p o d ʋ ǎː l i t i,0
{hbs}pojam,p ǒː j a m,0
{hbs}pokazatelj,p o k ǎ z a t e ʎ,0
{hbs}pokoravati,p o k o r ǎː ʋ a t i,0
{hbs}pomilovati,p ǒ m i l o ʋ a t i,0
{hbs}pomoću,p ô m o t͡ɕ u,0
{hbs}poput,p ô p uː t,0
{hbs}popuštati,p o p ǔː ʃ t a t i,0
{hbs}posao,p ǒ s a o,0
{hbs}posjetilac,p o s j ě t i l a t͡s,0
{hbs}posljednji,p ǒ s ʎ e d ɲ iː,0
{hbs}poslovati,p o s l ǒ ʋ a t i,0
{hbs}posluga,p ô s l u ɡ a,0
{hbs}poslužiti,p o s l ǔː ʒ i t i,0
{hbs}posteljina,p o s t e ʎ ǐ n a,0
{hbs}postiti,p ǒ s t i t i,0
{hbs}postojan,p ǒː s t o j aː n,0
{hbs}postotak,p ǒ s t o t a k,0
{hbs}posveta,p ô s ʋ e t a,0
{hbs}posvećivati,p o s ʋ e t͡ɕ ǐː ʋ a t i,0
{hbs}potvrđivati,p o t ʋ r d͡ʑ ǐː ʋ a t i,0
{hbs}povijati,p o ʋ ǐː j a t i,0
{hbs}povoljno,p ô ʋ oː ʎ n o,0
{hbs}povrijediti,p o ʋ r j ěː d i t i,0
{hbs}pozicija,p ǒ z iː t͡s i j a,0
{hbs}poštovanje,p o ʃ t o ʋ ǎː ɲ e,0
{hbs}praskati,p r â s k a t i,0
{hbs}pratilac,p r ǎ t i l a t͡s,0
{hbs}pravdati,p r âː ʋ d a t i,0
{hbs}pravi,p r âː ʋ iː,0
{hbs}pravodobno,p r â ʋ o d o b n o,0
{hbs}pravovjernost,p r a ʋ o ʋ j ěː r n oː s t,0
{hbs}praznovjeran,p r â z n o ʋ j eː r a n,0
{hbs}precizan,p r ê t͡s iː z a n,0
{hbs}predati,p r ě d a t i,0
{hbs}predomisliti,p r e d ǒ m i s l i t i,0
{hbs}predstavljati,p r ě d s t a ʋ ʎ a t i,0
{hbs}predstavnik,p r ěː d s t aː ʋ n iː k,0
{hbs}preklani,p r ê k l aː n i,0
{hbs}preko,p r ê k o,0
{hbs}prelistati,p r e l ǐ s t a t i,0
{hbs}prenositi,p r e n ǒ s i t i,0
{hbs}preplašiti,p r ě p l a ʃ i t i,0
{hbs}preplivavati,p r e p l i ʋ ǎː ʋ a t i,0
{hbs}prepoznatljivost,p r e p o z n ǎ t ʎ i ʋ oː s t,0
{hbs}preraditi,p r e r ǎː d i t i,0
{hbs}prerezivati,p r e r e z ǐː ʋ a t i,0
{hbs}pres,p r ê s,0
{hbs}preteča,p r ê t e t͡ʃ a,0
{hbs}prethodno,p r ěː t x o d n o,0
{hbs}preuzeti,p r e ǔ z eː t i,0
{hbs}preštampavati,p r e ʃ t a m p ǎː ʋ a t i,0
{hbs}pribaviti,p r ǐ b a ʋ i t i,0
{hbs}približiti,p r i b l ǐː ʒ i t i,0
{hbs}prigodan,p r î ɡ o d a n,0
{hbs}prijatan,p r î j aː t a n,0
{hbs}prijateljstvo,p r i j a t ě ʎ s t ʋ o,0
{hbs}prijevoz,p r j ěː ʋ o z,0
{hbs}prikrasti,p r ǐ k r a s t i,0
{hbs}prikriti,p r ǐ k r i t i,0
{hbs}primenjivati,p r i m e ɲ ǐː ʋ a t i,0
{hbs}primjetan,p r î m j e t a n,0
{hbs}primorati,p r i m ǒː r a t i,0
{hbs}princ,p r î n t͡s,0
{hbs}pripadnica,p r ǐ p a d n i t͡s a,0
{hbs}pripovijetka,p r î p o ʋ i j eː t k a,0
{hbs}priroda,p r ǐː r o d a,0
{hbs}pristupačno,p r î s t u p aː t͡ʃ n o,0
{hbs}pristupiti,p r i s t ǔː p i t i,0
{hbs}pritisnuti,p r ǐ t i s n u t i,0
{hbs}privrednik,p r î ʋ r e d n iː k,0
{hbs}probava,p r ô b a ʋ a,0
{hbs}prodavaonica,p r o d a ʋ a ǒː n i t͡s a,0
{hbs}prodavačica,p r o d a ʋ ǎ t͡ʃ i t͡s a,0
{hbs}produkcija,p r o d ǔ k t͡s i j a,0
{hbs}produktivan,p r ô d u k t iː ʋ a n,0
{hbs}profesionalac,p r o f e s i o n ǎː l a t͡s,0
{hbs}proizvodnja,p r o i z ʋ ǒ d ɲ a,0
{hbs}projekt,p r ǒ j e k t,0
{hbs}prolaziti,p r ǒ l a z i t i,0
{hbs}proljetni,p r ǒ ʎ e t n iː,0
{hbs}promet,p r ǒː m e t,0
{hbs}promjer,p r ǒː m j e r,0
{hbs}promotriti,p r o m ǒ t r i t i,0
{hbs}propan,p r ǒ p aː n,0
{hbs}propovijedati,p r o p o ʋ j ěː d a t i,0
{hbs}proraditi,p r o r ǎː d i t i,0
{hbs}proračunati,p r o r a t͡ʃ ǔ n a t i,0
{hbs}prositi,p r ǒ s i t i,0
{hbs}prostran,p r ǒ s t r a n,0
{hbs}protiv,p r ô t i ʋ,0
{hbs}proučavanje,p r o u t͡ʃ ǎː ʋ aː ɲ e,0
{hbs}provesti,p r ǒ ʋ e s t i,0
{hbs}proširiti,p r o ʃ ǐː r i t i,0
{hbs}publicitet,p u b l i t͡s ǐ t eː t,0
{hbs}pucanj,p ûː t͡s a ɲ,0
{hbs}pucati,p û t s a t i,0
{hbs}pucnjava,p ǔ t͡s ɲ a ʋ a,0
{hbs}putnik,p ûː t n iː k,0
{hbs}pušiti,p û ʃ i t i,0
{hbs}rabiti,r ǎː b i t i,0
{hbs}radar,r â d aː r,0
{hbs}radionica,r a d i ǒː n i t͡s a,0
{hbs}radiostanica,r a d i o s t ǎ n i t͡s a,0
{hbs}radosno,r â d o s n o,0
{hbs}radostan,r â d o s t a n,0
{hbs}ragbi,r â ɡ b i,0
{hbs}rana,r â n a,0
{hbs}rapidno,r â p iː d n o,0
{hbs}raspisati,r a s p ǐː s a t i,0
{hbs}raspolagati,r a s p o l ǎː ɡ a t i,0
{hbs}raspustiti,r a s p ǔ s t i t i,0
{hbs}rast,r âː s t,0
{hbs}rasteretiti,r a s t ě r e t i t i,0
{hbs}rastopiti,r a s t ǒ p i t i,0
{hbs}rastvoriti,r a s t ʋ ǒ r i t i,0
{hbs}razabrati,r a z ǎ b r a t i,0
{hbs}razdvojivost,r a z d ʋ ǒ j i ʋ oː s t,0
{hbs}razlučivati,r a z l u t͡ʃ ǐː ʋ a t i,0
{hbs}razmišljati,r a z m ǐː ʃ ʎ a t i,0
{hbs}razmjenjivati,r a z m j e ɲ ǐː ʋ a t i,0
{hbs}raznijeti,r ǎ z n i j eː t i,0
{hbs}raznolik,r a z n ǒ l i k,0
{hbs}razoriti,r a z ǒ r i t i,0
{hbs}razrada,r âː z r a d a,0
{hbs}razroko,r ǎ z r o k o,0
{hbs}razuman,r â z uː m a n,0
{hbs}razviti,r ǎ z ʋ i t i,0
{hbs}računovodstvo,r a t͡ʃ u n o ʋ ǒ d s t ʋ o,0
{hbs}rađati,r ǎː d͡ʑ a t i,0
{hbs}reagirati,r e a ɡ ǐː r a t i,0
{hbs}realizirati,r e a l i z ǐː r a t i,0
{hbs}rebalans,r ê b a l a n s,0
{hbs}recept,r ě t͡s e p t,0
{hbs}regulacija,r e ɡ u l ǎː t͡s i j a,0
{hbs}rekonstrukcija,r e k o n s t r ǔ k t͡s i j a,0
{hbs}relevantnost,r e l e ʋ ǎ n t n oː s t,0
{hbs}replika,r ě p l i k a,0
{hbs}revolucija,r e ʋ o l ǔː t͡s i j a,0
{hbs}reći,r ê t͡ɕ i,0
{hbs}režim,r ě ʒ iː m,0
{hbs}rijedak,r j ěː d a k,0
{hbs}ritam,r ǐ t a m,0
{hbs}rizično,r î z i t͡ʃ n o,0
{hbs}rječnik,r j êː t͡ʃ n iː k,0
{hbs}rječoslovje,r j e t͡ʃ o s l o v j e,0
{hbs}rob,r ô b,0
{hbs}rodni,r ô d n iː,0
{hbs}romkinja,r ô m k i ɲ a,0
{hbs}rosa,r ǒ s a,0
{hbs}rođenje,r o d͡ʑ ěː ɲ e,0
{hbs}rtanj,r̂ t a ɲ,0
{hbs}ruanda,r ǔ aː n d a,0
{hbs}rud,r ûː d,0
{hbs}rudina,r ǔ d i n a,0
{hbs}rudnik,r ûː d n iː k,0
{hbs}rumenilo,r u m ě n i l o,0
{hbs}rupa,r û p a,0
{hbs}sabor,s ǎː b o r,0
{hbs}sabranost,s â b r aː n oː s t,0
{hbs}saditi,s ǎː d i t i,0
{hbs}salata,s a l ǎː t a,0
{hbs}samouvjereno,s a m o ǔ ʋ j e r e n o,0
{hbs}samovolja,s a m ǒ ʋ o ʎ a,0
{hbs}saopćiti,s a ǒ p t͡ɕ i t i,0
{hbs}sastojak,s ǎː s t o j a k,0
{hbs}sat,s âː t,0
{hbs}savet,s ǎː ʋ e t,0
{hbs}savijati,s a ʋ ǐː j a t i,0
{hbs}sačekati,s ǎ t͡ʃ e k a t i,0
{hbs}sažetak,s a ʒ ěː t a k,0
{hbs}scenarij,s t͡s ě n aː r iː j,0
{hbs}sedmi,s ê d m iː,0
{hbs}seljakinja,s e ʎ ǎ k i ɲ a,0
{hbs}senator,s ě n aː t o r,0
{hbs}senzacija,s e n z ǎː t͡s i j a,0
{hbs}sevastopolj,s e ʋ a s t ǒ p o ʎ,0
{hbs}shvaćati,s x ʋ â t͡ɕ a t i,0
{hbs}simbolično,s i m b ǒ l i t͡ʃ n o,0
{hbs}simulator,s i m ǔ l aː t o r,0
{hbs}sindikat,s i n d ǐ k aː t,0
{hbs}sipa,s î p a,0
{hbs}siromašan,s i r ǒ m a ʃ a n,0
{hbs}sitan,s ǐ t a n,0
{hbs}sjajan,s j ǎː j a n,0
{hbs}skica,s k î t͡s a,0
{hbs}skijati,s k î j a t i,0
{hbs}skladba,s k l ǎ d b a,0
{hbs}sklonost,s k l ô n oː s t,0
{hbs}skok,s k ô k,0
{hbs}skrivati,s k r ǐː ʋ a t i,0
{hbs}skrovište,s k r ô ʋ iː ʃ t e,0
{hbs}skroz,s k r ôː z,0
{hbs}skupa,s k û p a,0
{hbs}skupljati,s k ǔː p ʎ a t i,0
{hbs}slabašan,s l â b aː ʃ a n,0
{hbs}sladić,s l ǎ d i t͡ɕ,0
{hbs}slamati,s l ǎː m a t i,0
{hbs}slamka,s l âː m k a,0
{hbs}slanost,s l ǎː n oː s t,0
{hbs}slastica,s l ǎ s t i t͡s a,0
{hbs}slavonija,s l ǎ ʋ oː n i j a,0
{hbs}slavonski,s l ǎ ʋ oː n s k iː,0
{hbs}slovenija,s l ǒ ʋ eː n i j a,0
{hbs}složiti,s l ǒ ʒ i t i,0
{hbs}slutiti,s l ǔː t i t i,0
{hbs}služba,s l ǔ ʒ b a,0
{hbs}smesta,s m ê s t a,0
{hbs}smiješno,s m j ěː ʃ n o,0
{hbs}smještaj,s m j ê ʃ t aː j,0
{hbs}smokva,s m ô k ʋ a,0
{hbs}smoći,s m ô t͡ɕ i,0
{hbs}snalaziti,s n ǎ l a z i t i,0
{hbs}snaći,s n âː t͡ɕ i,0
{hbs}sobica,s ô b i t͡s a,0
{hbs}softver,s ô f t ʋ eː r,0
{hbs}specifično,s p e t͡s ǐ f i t͡ʃ n o,0
{hbs}specijalno,s p ê t͡s i j aː l n o,0
{hbs}spekulativan,s p ê k u l a t iː ʋ a n,0
{hbs}speleolog,s p e l e ǒ l o ɡ,0
{hbs}spirala,s p i r ǎː l a,0
{hbs}split,s p l î t,0
{hbs}spljošten,s p ʎ ô ʃ t e n,0
{hbs}spretan,s p r ê t a n,0
{hbs}sprijeda,s p r j ěː d a,0
{hbs}središnji,s r ě d i ʃ ɲ iː,0
{hbs}srednji,s r ê d ɲ iː,0
{hbs}sretati,s r ê t a t i,0
{hbs}srkati,s řː k a t i,0
{hbs}srpanj,s r̂ː p a ɲ,0
{hbs}srž,s r̂ː ʒ,0
{hbs}stabilno,s t â b iː l n o,0
{hbs}stabljika,s t ǎ b ʎ i k a,0
{hbs}standard,s t ǎ n d a r d,0
{hbs}stanište,s t â n iː ʃ t e,0
{hbs}starački,s t â r a t͡ʃ k iː,0
{hbs}statika,s t ǎ t i k a,0
{hbs}statusni,s t ǎː t u s n iː,0
{hbs}statut,s t ǎ t uː t,0
{hbs}staž,s t âː ʒ,0
{hbs}strahota,s t r a x ǒ t a,0
{hbs}stran,s t r âː n,0
{hbs}stranka,s t r â n k a,0
{hbs}stupiti,s t ǔː p i t i,0
{hbs}suditi,s ǔː d i t i,0
{hbs}sumnjati,s ǔː m ɲ a t i,0
{hbs}suprotan,s ǔ p r o t a n,0
{hbs}surovo,s ǔ r o ʋ o,0
{hbs}svadba,s ʋ ǎ d b a,0
{hbs}svaki,s ʋ â k iː,0
{hbs}svakidašnji,s ʋ â k i d a ʃ ɲ iː,0
{hbs}svako,s ʋ â k o,0
{hbs}svet,s ʋ êː t,0
{hbs}svidjeti,s ʋ î d j e t i,0
{hbs}svojedobno,s ʋ ô j e d o b n o,0
{hbs}svojevoljno,s ʋ ô j e ʋ oː ʎ n o,0
{hbs}svrab,s ʋ r âː b,0
{hbs}svrstavati,s ʋ r s t ǎː ʋ a t i,0
{hbs}tada,t ǎ d aː,0
{hbs}tajna,t âː j n a,0
{hbs}tajno,t âː j n o,0
{hbs}takođe,t a k ǒː d͡ʑ e,0
{hbs}tanak,t â n a k,0
{hbs}tarifa,t a r ǐː f a,0
{hbs}telefonija,t e l e f ǒ n i j a,0
{hbs}televizor,t e l ě ʋ iː z o r,0
{hbs}tendenciozan,t ê n d e n t͡s i oː z a n,0
{hbs}teologija,t e o l ǒ ɡ i j a,0
{hbs}tepih,t ě p i x,0
{hbs}terapija,t e r ǎ p i j a,0
{hbs}test,t ê s t,0
{hbs}tezga,t ě z ɡ a,0
{hbs}tipično,t ǐ p i t͡ʃ n o,0
{hbs}titula,t î t u l a,0
{hbs}tobdžija,t ǒ b d͡ʒ i j a,0
{hbs}tolerancija,t o l e r ǎ n t͡s i j a,0
{hbs}točka,t ô t͡ʃ k a,0
{hbs}tragičar,t r ǎ ɡ i t͡ʃ aː r,0
{hbs}trahtur,t r ǎ x t uː r,0
{hbs}transparentno,t r a n s p ǎ r e n t n o,0
{hbs}tref,t r ê f,0
{hbs}trener,t r ěː n e r,0
{hbs}trenirati,t r e n ǐː r a t i,0
{hbs}trenutan,t r ê n uː t a n,0
{hbs}tresti,t r êː s t i,0
{hbs}tretirati,t r e t ǐː r a t i,0
{hbs}trilogija,t r i l ǒ ɡ i j a,0
{hbs}trolejbus,t r o l ěː j b u s,0
{hbs}trzaj,t r̂ z aː j,0
{hbs}tumor,t ûː m o r,0
{hbs}tvrdnja,t ʋ řː d ɲ a,0
{hbs}ubod,ǔː b o d,0
{hbs}ubrizgavati,u b r i z ɡ ǎː ʋ a t i,0
{hbs}ubrzati,u b ř z a t i,0
{hbs}ucjena,û t͡s j e n a,0
{hbs}ucjenjivati,u t͡s j e ɲ ǐː ʋ a t i,0
{hbs}udaljenost,ǔ d aː ʎ e n oː s t,0
{hbs}udariti,ǔ d a r i t i,0
{hbs}udovica,u d ǒ ʋ i t͡s a,0
{hbs}udruga,û d r u ɡ a,0
{hbs}ugled,û ɡ l eː d,0
{hbs}ugljik,ǔ ɡ ʎ iː k,0
{hbs}ugoditi,u ɡ ǒ d i t i,0
{hbs}ukrasiti,u k r ǎː s i t i,0
{hbs}ukus,ǔ k u s,0
{hbs}ulepšati,u l ě p ʃ a t i,0
{hbs}uljepšati,u ʎ ě p ʃ a t i,0
{hbs}ulog,ǔː l o ɡ,0
{hbs}uložiti,u l ǒ ʒ i t i,0
{hbs}umak,û m aː k,0
{hbs}umirovljenik,u m i r o ʋ ʎ ě n iː k,0
{hbs}umoriti,u m ǒ r i t i,0
{hbs}umrijeti,ǔ m r j eː t i,0
{hbs}unositi,u n ǒ s i t i,0
{hbs}upecati,ǔ p e t͡s a t i,0
{hbs}upisati,u p ǐː s a t i,0
{hbs}upit,ǔ p i t,0
{hbs}upoznavati,u p o z n ǎː ʋ a t i,0
{hbs}upozoriti,u p o z ǒ r i t i,0
{hbs}uprava,û p r a ʋ a,0
{hbs}urban,û r b aː n,0
{hbs}urugvajac,u r u ɡ ʋ ǎː j a t͡s,0
{hbs}useljenik,u s ě ʎ e n iː k,0
{hbs}uslov,ǔː s l o ʋ,0
{hbs}usmeriti,ǔ s m e r i t i,0
{hbs}ustanak,ǔ s t a n a k,0
{hbs}ustroj,ǔː s t r o j,0
{hbs}utakmica,ǔ t a k m i t͡s a,0
{hbs}utičnica,ǔ t i t͡ʃ n i t͡s a,0
{hbs}utvrditi,u t ʋ řː d i t i,0
{hbs}uvjerljivost,u ʋ j ě r ʎ i ʋ oː s t,0
{hbs}uz,u z,0
{hbs}učenjak,u t͡ʃ ě ɲ aː k,0
{hbs}učinak,ǔ t͡ʃ i n a k,0
{hbs}učiti,ǔ t͡ʃ i t i,0
{hbs}uštedjeti,u ʃ t ěː d j e t i,0
{hbs}užasno,û ʒ aː s n o,0
{hbs}vaditi,ʋ â d i t i,0
{hbs}varga,ʋ âː r ɡ a,0
{hbs}varoš,v aː r o ʃ,0
{hbs}veleposlanica,ʋ e l e p ǒ s l a n i t͡s a,0
{hbs}velikodušnost,ʋ e l i k ǒ d u ʃ n oː s t,0
{hbs}venac,ʋ ěː n a t͡s,0
{hbs}ventil,ʋ ě n t iː l,0
{hbs}verzija,ʋ ě r z i j a,0
{hbs}veslačica,ʋ e s l ǎ t͡ʃ i t͡s a,0
{hbs}vezati,ʋ ěː z a t i,0
{hbs}večerati,ʋ ě t͡ʃ e r a t i,0
{hbs}večernji,ʋ ě t͡ʃ eː r ɲ iː,0
{hbs}vijenac,ʋ i j ěː n a t͡s,0
{hbs}vijeće,ʋ i j ěː t͡ɕ e,0
{hbs}vijuga,ʋ ǐ j u ɡ a,0
{hbs}viski,ʋ î s k i,0
{hbs}vještak,ʋ j ě ʃ t aː k,0
{hbs}vježba,ʋ j ê ʒ b a,0
{hbs}voda,ʋ ǒ d a,0
{hbs}vojskovođa,ʋ ô j s k o ʋ o d͡ʑ a,0
{hbs}vojvodina,ʋ ǒ j ʋ o d i n a,0
{hbs}vozilo,ʋ ǒ z i l o,0
{hbs}vrana,ʋ r â n a,0
{hbs}vrelište,ʋ r ê l iː ʃ t e,0
{hbs}vrijeme,ʋ r i j ěː m e,0
{hbs}vučić,ʋ ǔ t͡ʃ i t͡ɕ,0
{hbs}zadirkivati,z a d i r k ǐː ʋ a t i,0
{hbs}zagorčati,z a ɡ ǒ r t͡ʃ a t i,0
{hbs}zahtijevati,z a x t j ěː ʋ a t i,0
{hbs}zajednica,z â j e d n i t͡s a,0
{hbs}zakočiti,z a k ǒː t͡ʃ i t i,0
{hbs}zamijeniti,z a m j ěː n i t i,0
{hbs}zanimljiv,z a n ǐ m ʎ i ʋ,0
{hbs}zaprositi,z a p r ǒ s i t i,0
{hbs}zaslužiti,z a s l ǔː ʒ i t i,0
{hbs}zatiljak,z ǎː t i ʎ a k,0
{hbs}zaton,z ǎː t o n,0
{hbs}zauvijek,z ǎ u ʋ j eː k,0
{hbs}zavaravati,z a ʋ a r ǎː ʋ a t i,0
{hbs}zavodnica,z ǎː ʋ o d n i t͡s a,0
{hbs}zavodnik,z ǎː ʋ o d n iː k,0
{hbs}začeti,z ǎ t͡ʃ eː t i,0
{hbs}zdepast,z d ê p a s t,0
{hbs}zdrav,z d r â ʋ,0
{hbs}zdravstveno,z d r ǎ ʋ s t ʋ e n o,0
{hbs}zemlja,z ě m ʎ a,0
{hbs}znalac,z n ǎː l a t͡s,0
{hbs}znati,z n â t i,0
{hbs}značiti,z n ǎː t͡ʃ i t i,0
{hbs}zora,z ǒ r a,0
{hbs}zov,z ôː ʋ,0
{hbs}zoveš,z ǒ ʋ e ʃ,0
{hbs}zvjezdan,z ʋ j ě z d a n,0
{hbs}zvonik,z ʋ ǒ n iː k,0
{hbs}zvoniti,z ʋ ǒ n i t i,0
{hbs}čador,t ʃ â d o r,0
{hbs}čarolija,t͡ʃ a r ǒ l i j a,0
{hbs}časnik,t͡ʃ âː s n iː k,0
{hbs}časopis,t͡ʃ â s o p iː s,0
{hbs}čaša,t͡ʃ â ʃ a,0
{hbs}ček,t͡ʃ ê k,0
{hbs}čekati,t͡ʃ ê k a t i,0
{hbs}češka,t͡ʃ ê ʃ k aː,0
{hbs}čileanski,t͡ʃ i l ě aː n s k iː,0
{hbs}činjenica,t͡ʃ î ɲ e n i t͡s a,0
{hbs}činovnik,t͡ʃ i n ǒ ʋ n iː k,0
{hbs}čip,t͡ʃ î p,0
{hbs}čistoća,t͡ʃ i s t ǒ t͡ɕ a,0
{hbs}član,t͡ʃ l âː n,0
{hbs}čudno,t͡ʃ û d n o,0
{hbs}čuvar,t͡ʃ ǔ ʋ aː r,0
{hbs}šahovski,ʃ ǎ x o ʋ s k iː,0
{hbs}šaljiv,ʃ ǎ ʎ i ʋ,0
{hbs}šamija,ʃ ǎː m i j a,0
{hbs}šampion,ʃ a m p ǐ oː n,0
{hbs}šarenica,ʃ a r ě n i t͡s a,0
{hbs}šezdeset,ʃ e z d ě s eː t,0
{hbs}široko,ʃ i r ǒ k o,0
{hbs}škoda,ʃ k ô d a,0
{hbs}škot,ʃ k ô t,0
{hbs}škotska,ʃ k ô t s k aː,0
{hbs}škrtost,ʃ k r̂ t oː s t,0
{hbs}šljaka,ʃ ʎ â k a,0
{hbs}šloser,ʃ l ô s e r,0
{hbs}španija,ʃ p âː n i j a,0
{hbs}šrot,ʃ r ô t,0
{hbs}štaviše,ʃ t ǎ ʋ i ʃ e,0
{hbs}štedjeti,ʃ t ěː d j e t i,0
{hbs}štednja,ʃ t ěː d ɲ a,0
{hbs}šum,ʃ ûː m,0
{hbs}šuma,ʃ û m a,0
{hbs}žalilac,ʒ ǎ l i l a t͡s,0
{hbs}žaljenje,ʒ â ʎ eː ɲ e,0
{hbs}žalosno,ʒ â l o s n o,0
{hbs}žamor,ʒ âː m o r,0
{hbs}želja,ʒ ê ʎ a,0
{hbs}željeti,ʒ ě ʎ e t i,0
{hbs}željeznica,ʒ ě ʎ e z n i t͡s a,0
{hbs}ženka,ʒ êː n k a,0
{hbs}žestoko,ʒ e s t ǒ k o,0
