merged_spelling,ipa,langid,spelling_pretrain,langid_pretrain
{dut}aad,aː t,0,aad,0
{dut}aandrijfas,aː n d r ɛ i̯ f ɑ s,0,aandrijfas,0
{dut}aaneen,aː n eː n,0,aaneen,0
{dut}aangaan,aː ŋ ɣ aː n,0,aangaan,0
{dut}aangegrepen,aː ŋ ɣ ə ɣ r eː p ə n,0,aangegrepen,0
{dut}aanleren,aː n l eː r ə n,0,aanleren,0
{dut}aanpak,aː m p ɑ k,0,aanpak,0
{dut}aansluiten,aː n s l œ y̯ t ə n,0,aansluiten,0
{dut}aansluiting,aː n s l œ y̯ t ɪ ŋ,0,aansluiting,0
{dut}aanspreken,aː n s p r eː k ə n,0,aanspreken,0
{dut}aanstekelijk,aː n s t eː k ə l ə k,0,aanstekelijk,0
{dut}aantrekkingskracht,aː n t r ɛ k ɪ ŋ s k r ɑ x t,0,aantrekkingskracht,0
{dut}aanvaarding,aː n v aː r d ɪ ŋ,0,aanvaarding,0
{dut}aanvalsplan,aː n v ɑ l s p l ɑ n,0,aanvalsplan,0
{dut}aanvraag,aː n v r aː x,0,aanvraag,0
{dut}aanwezigheid,aː n ʋ eː z ə x ɦ ɛ i̯ t,0,aanwezigheid,0
{dut}aar,aː r,0,aar,0
{dut}aarden,aː r d ə n,0,aarden,0
{dut}aardig,aː r d ə x,0,aardig,0
{dut}aartshertog,aː r t s ɦ ɛ r t ɔ x,0,aartshertog,0
{dut}abacus,ɑ b aː k ʏ s,0,abacus,0
{dut}abdis,ɑ b d ɪ s,0,abdis,0
{dut}abraham,aː b r aː ɦ ɑ m,0,abraham,0
{dut}accent,ɑ k s ɛ n t,0,accent,0
{dut}accentueren,ɑ k s ɛ n t y eː r ə n,0,accentueren,0
{dut}achtereen,ɑ x t ə r eː n,0,achtereen,0
{dut}achtergrond,ɑ x t ə r ɣ r ɔ n t,0,achtergrond,0
{dut}achtergrondmuziek,ɑ x t ə r ɣ r ɔ n t m y z i k,0,achtergrondmuziek,0
{dut}achterin,ɑ x t ə r ɪ n,0,achterin,0
{dut}achterlaten,ɑ x t ə r l aː t ə n,0,achterlaten,0
{dut}achterstevoren,ɑ x t ə r s t ə v oː r ə n,0,achterstevoren,0
{dut}achting,ɑ x t ɪ ŋ,0,achting,0
{dut}acne,ɑ k n eː,0,acne,0
{dut}actor,ɑ k t ɔ r,0,actor,0
{dut}aderlating,aː d ə r l aː t ɪ ŋ,0,aderlating,0
{dut}advent,ɑ t f ɛ n t,0,advent,0
{dut}afbetaling,ɑ v b ə t aː l ɪ ŋ,0,afbetaling,0
{dut}afdekken,ɑ f d ɛ k ə n,0,afdekken,0
{dut}afdeling,ɑ f d eː l ɪ ŋ,0,afdeling,0
{dut}afdruk,ɑ v d r ʏ k,0,afdruk,0
{dut}afgelegen,ɑ f x ə l eː ɣ ə n,0,afgelegen,0
{dut}afhankelijk,ɑ f ɦ ɑ ŋ k ə l ə k,0,afhankelijk,0
{dut}afpersing,ɑ f p ɛ r s ɪ ŋ,0,afpersing,0
{dut}afschaffen,ɑ f s x ɑ f ə n,0,afschaffen,0
{dut}afschieten,ɑ f s x i t ə n,0,afschieten,0
{dut}afslanken,ɑ f s l ɑ ŋ k ə n,0,afslanken,0
{dut}afstammeling,ɑ f s t ɑ m ə l ɪ ŋ,0,afstammeling,0
{dut}afwijken,ɑ f ʋ ɛ i̯ k ə n,0,afwijken,0
{dut}agaten,aː ɣ aː t ə n,0,agaten,0
{dut}ajuin,aː j œ y̯ n,0,ajuin,0
{dut}akkerland,ɑ k ə r l ɑ n t,0,akkerland,0
{dut}alert,aː l ɛ r t,0,alert,0
{dut}alertheid,aː l ɛ r t ɦ ɛ i̯ t,0,alertheid,0
{dut}algoritme,ɑ l ɣ oː r ɪ t m ə,0,algoritme,0
{dut}alibi,aː l i b i,0,alibi,0
{dut}allah,ɑ l aː,0,allah,0
{dut}alles,ɑ l ə s,0,alles,0
{dut}alliantie,ɑ l i ɑ n t s i,0,alliantie,0
{dut}als,ɑ l s,0,als,0
{dut}altaar,ɑ l t aː r,0,altaar,0
{dut}amen,aː m ə n,0,amen,0
{dut}amnestie,ɑ m n ɛ s t i,0,amnestie,0
{dut}amsterdam,ɑ m s t ə r d ɑ m,0,amsterdam,0
{dut}anderstalig,ɑ n d ə r s t aː l ə x,0,anderstalig,0
{dut}animo,aː n i m oː,0,animo,0
{dut}annuleren,ɑ n y l eː r ə n,0,annuleren,0
{dut}antarctisch,ɑ n t ɑ r k t i s,0,antarctisch,0
{dut}apart,aː p ɑ r t,0,apart,0
{dut}appeltaart,ɑ p ə l t aː r t,0,appeltaart,0
{dut}april,ɑ p r ɪ l,0,april,0
{dut}archeologie,ɑ r x eː j oː l oː ɣ i,0,archeologie,0
{dut}arduin,ɑ r d œ y̯ n,0,arduin,0
{dut}argon,ɑ r ɣ ɔ n,0,argon,0
{dut}armoedegrens,ɑ r m u d ə ɣ r ɛ n s,0,armoedegrens,0
{dut}arnhem,ɑ r n ɦ ɛ m,0,arnhem,0
{dut}arnoud,ɑ r n ɑ u̯ t,0,arnoud,0
{dut}arrogantie,ɑ r oː ɣ ɑ n t s i,0,arrogantie,0
{dut}artefact,ɑ r t ə f ɑ k t,0,artefact,0
{dut}arts,ɑ r t s,0,arts,0
{dut}assen,ɑ s ə n,0,assen,0
{dut}assortiment,ɑ s ɔ r t i m ɛ n t,0,assortiment,0
{dut}atheïst,aː t eː j ɪ ʃ t,0,atheïst,0
{dut}attractiepark,ɑ t r ɑ k s i p ɑ r k,0,attractiepark,0
{dut}audio,ɑ u̯ d i oː,0,audio,0
{dut}automatisch,ɑ u̯ t oː m aː t i s,0,automatisch,0
{dut}autoverzekering,ɑ u̯ t oː v ə r z eː k ə r ɪ ŋ,0,autoverzekering,0
{dut}axiomatisch,ɑ k s i oː m aː t i s,0,axiomatisch,0
{dut}baai,b aː i̯,0,baai,0
{dut}bagage,b aː ɣ aː ʒ ə,0,bagage,0
{dut}bakermat,b aː k ə r m ɑ t,0,bakermat,0
{dut}bakje,b ɑ k j ə,0,bakje,0
{dut}bakstenen,b ɑ k s t eː n ə n,0,bakstenen,0
{dut}balie,b aː l i,0,balie,0
{dut}ballen,b ɑ l ə n,0,ballen,0
{dut}bankbediende,b ɑ ŋ k b ə d i n d ə,0,bankbediende,0
{dut}bankrekening,b ɑ ŋ k r eː k ə n ɪ ŋ,0,bankrekening,0
{dut}bankwezen,b ɑ ŋ k ʋ eː z ə n,0,bankwezen,0
{dut}banner,b ɛ n ə r,0,banner,0
{dut}bar,b ɑ r,0,bar,0
{dut}barcelona,b ɑ r s ə l oː n aː,0,barcelona,0
{dut}bart,b ɑ r t,0,bart,0
{dut}bas,b ɑ s,0,bas,0
{dut}baseren,b aː z eː r ə n,0,baseren,0
{dut}beagle,b iː ɡ ə l,0,beagle,0
{dut}bedeesd,b ə d eː s t,0,bedeesd,0
{dut}bedrijfsleven,b ə d r ɛ i̯ f s l eː v ə n,0,bedrijfsleven,0
{dut}beducht,b ə d ʏ x t,0,beducht,0
{dut}beek,b eː k,0,beek,0
{dut}beeldend,b eː l d ə n t,0,beeldend,0
{dut}beesel,b eː s ə l,0,beesel,0
{dut}begaafd,b ə ɣ aː f t,0,begaafd,0
{dut}beginnerscursus,b ə ɣ ɪ n ə r s k ʏ r z ʏ s,0,beginnerscursus,0
{dut}begraafplaats,b ə ɣ r aː f p l aː t s,0,begraafplaats,0
{dut}begrippenkader,b ə ɣ r ɪ p ə n k aː d ə r,0,begrippenkader,0
{dut}behalen,b ə ɦ aː l ə n,0,behalen,0
{dut}behandeld,b ə ɦ ɑ n d ə l t,0,behandeld,0
{dut}behandelt,b ə ɦ ɑ n d ə l t,0,behandelt,0
{dut}beheerst,b ə ɦ eː r s t,0,beheerst,0
{dut}behoudens,b ə ɦ ɑ u̯ d ə n s,0,behoudens,0
{dut}bekeuren,b ə k øː r ə n,0,bekeuren,0
{dut}bekopen,b ə k oː p ə n,0,bekopen,0
{dut}beladen,b ə l aː d ə n,0,beladen,0
{dut}belagen,b ə l aː ɣ ə n,0,belagen,0
{dut}belangrijk,b ə l ɑ ŋ r ɛ i̯ k,0,belangrijk,0
{dut}beleggen,b ə l ɛ ɣ ə n,0,beleggen,0
{dut}belegging,b ə l ɛ ɣ ɪ ŋ,0,belegging,0
{dut}beleven,b ə l eː v ə n,0,beleven,0
{dut}belgisch,b ɛ l ɣ i s,0,belgisch,0
{dut}bello,b ɛ l oː,0,bello,0
{dut}belt,b ɛ l t,0,belt,0
{dut}bemoeilijken,b ə m u j l ə k ə n,0,bemoeilijken,0
{dut}benadrukken,b ə n aː d r ʏ k ə n,0,benadrukken,0
{dut}bep,b ɛ p,0,bep,0
{dut}bepaald,b ə p aː l t,0,bepaald,0
{dut}beperkt,b ə p ɛ r k t,0,beperkt,0
{dut}beroerte,b ə r uː r t ə,0,beroerte,0
{dut}beschikbaarheid,b ə s x ɪ k b aː r ɦ ɛ i̯ t,0,beschikbaarheid,0
{dut}beschouwing,b ə s x ɑ u̯ ɪ ŋ,0,beschouwing,0
{dut}beschutting,b ə s x ʏ t ɪ ŋ,0,beschutting,0
{dut}beslissen,b ə s l ɪ s ə n,0,beslissen,0
{dut}bespreekbaar,b ə s p r eː k b aː r,0,bespreekbaar,0
{dut}bestralen,b ə s t r aː l ə n,0,bestralen,0
{dut}bestraten,b ə s t r aː t ə n,0,bestraten,0
{dut}beton,b ə t ɔ n,0,beton,0
{dut}betoog,b ə t oː x,0,betoog,0
{dut}beuk,b øː k,0,beuk,0
{dut}bevindingen,b ə v ɪ n d ɪ ŋ ə n,0,bevindingen,0
{dut}bevolken,b ə v ɔ l k ə n,0,bevolken,0
{dut}beweren,b ə ʋ eː r ə n,0,beweren,0
{dut}bewindvoerder,b ə ʋ ɪ n t f uː r d ə r,0,bewindvoerder,0
{dut}bewonderenswaardig,b ə ʋ ɔ n d ə r ə n s ʋ aː r d ə x,0,bewonderenswaardig,0
{dut}bewusteloos,b ə ʋ ʏ s t ə l oː s,0,bewusteloos,0
{dut}bezitter,b ə z ɪ t ə r,0,bezitter,0
{dut}bezorgen,b ə z ɔ r ɣ ə n,0,bezorgen,0
{dut}bibliografie,b i b l i j oː ɣ r aː f i,0,bibliografie,0
{dut}biel,b i l,0,biel,0
{dut}bierbuik,b iː r b œ y̯ k,0,bierbuik,0
{dut}big,b ɪ x,0,big,0
{dut}bij,b ɛ i̯,0,bij,0
{dut}bijbels,b ɛ i̯ b ə l s,0,bijbels,0
{dut}bijgevolg,b ɛ i̯ ɣ ə v ɔ l x,0,bijgevolg,0
{dut}bijklank,b ɛ i̯ k l ɑ ŋ k,0,bijklank,0
{dut}bijwijf,b ɛ i̯ ʋ ɛ i̯ f,0,bijwijf,0
{dut}bijwoning,b ɛ i̯ ʋ oː n ɪ ŋ,0,bijwoning,0
{dut}binding,b ɪ n d ɪ ŋ,0,binding,0
{dut}blauwdruk,b l ɑ u̯ d r ʏ k,0,blauwdruk,0
{dut}blazen,b l aː z ə n,0,blazen,0
{dut}bloedhekel,b l u t ɦ eː k ə l,0,bloedhekel,0
{dut}bloedsuiker,b l u t s œ y̯ k ə r,0,bloedsuiker,0
{dut}blom,b l ɔ m,0,blom,0
{dut}boa,b oː aː,0,boa,0
{dut}boekarest,b u k aː r ɛ s t,0,boekarest,0
{dut}boekjaar,b u k j aː r,0,boekjaar,0
{dut}boerenland,b uː r ə n l ɑ n t,0,boerenland,0
{dut}boete,b u t ə,0,boete,0
{dut}bonten,b ɔ n t ə n,0,bonten,0
{dut}boon,b oː n,0,boon,0
{dut}boosdoener,b oː s d u n ə r,0,boosdoener,0
{dut}borg,b ɔ r x,0,borg,0
{dut}boswachter,b ɔ s ʋ ɑ x t ə r,0,boswachter,0
{dut}bot,b ɔ t,0,bot,0
{dut}botsen,b ɔ t s ə n,0,botsen,0
{dut}bourgeois,b u r ʒ ʋ aː,0,bourgeois,0
{dut}bouwheer,b ɑ u̯ ɦ eː r,0,bouwheer,0
{dut}bouwsel,b ɑ u̯ s ə l,0,bouwsel,0
{dut}brandstapel,b r ɑ n t s t aː p ə l,0,brandstapel,0
{dut}brein,b r ɛ i̯ n,0,brein,0
{dut}brillen,b r ɪ l ə n,0,brillen,0
{dut}broeikaseffect,b r u i̯ k ɑ s ɛ f ɛ k t,0,broeikaseffect,0
{dut}broncode,b r ɔ n k oː d ə,0,broncode,0
{dut}bronkhorst,b r ɔ ŋ k ɦ ɔ r s t,0,bronkhorst,0
{dut}bruidegom,b r œ y̯ d ə ɣ ɔ m,0,bruidegom,0
{dut}bruine,b r œ y̯ n ə,0,bruine,0
{dut}bruistablet,b r œ y̯ s t aː b l ɛ t,0,bruistablet,0
{dut}brutaal,b r y t aː l,0,brutaal,0
{dut}buitenkant,b œ y̯ t ə n k ɑ n t,0,buitenkant,0
{dut}buitenlands,b œ y̯ t ə n l ɑ n t s,0,buitenlands,0
{dut}burger,b ʏ r ɣ ə r,0,burger,0
{dut}burgerschap,b ʏ r ɣ ə r s x ɑ p,0,burgerschap,0
{dut}bushalte,b ʏ s ɦ ɑ l t ə,0,bushalte,0
{dut}buurman,b yː r m ɑ n,0,buurman,0
{dut}cabaretier,k aː b aː r ɛ t j eː,0,cabaretier,0
{dut}camera,k aː m ə r aː,0,camera,0
{dut}cameraploeg,k aː m ə r aː p l u x,0,cameraploeg,0
{dut}capituleren,k aː p i t y l eː r ə n,0,capituleren,0
{dut}carillon,k aː r ɪ l j ɔ n,0,carillon,0
{dut}catalaans,k aː t aː l aː n s,0,catalaans,0
{dut}catheter,k aː t eː t ə r,0,catheter,0
{dut}centimeter,s ɛ n t i m eː t ə r,0,centimeter,0
{dut}champignon,ʃ ɑ m p i n j ɔ n,0,champignon,0
{dut}chaos,x aː ɔ s,0,chaos,0
{dut}chat,t ʃ ɛ t,0,chat,0
{dut}chemisch,x eː m i s,0,chemisch,0
{dut}cijfer,s ɛ i f ə r,0,cijfer,0
{dut}citaat,s i t aː t,0,citaat,0
{dut}coalitie,k oː aː l i t s i,0,coalitie,0
{dut}cocktail,k ɔ k t eː l,0,cocktail,0
{dut}coevorden,k u v ɔ r d ə n,0,coevorden,0
{dut}collageen,k ɔ l aː ɣ eː n,0,collageen,0
{dut}collectie,k ɔ l ɛ k s i,0,collectie,0
{dut}communiceren,k ɔ m y n i s eː r ə n,0,communiceren,0
{dut}componist,k ɔ m p oː n ɪ s t,0,componist,0
{dut}concept,k ɔ n s ɛ p t,0,concept,0
{dut}concert,k ɔ n s ɛ r t,0,concert,0
{dut}confrater,k ɔ n f r aː t ə r,0,confrater,0
{dut}confronteren,k ɔ n f r ɔ n t eː r ə n,0,confronteren,0
{dut}conservatief,k ɔ n z ɛ r v aː t i f,0,conservatief,0
{dut}conserven,k ɔ n z ɛ r v ə n,0,conserven,0
{dut}cookie,k u k i,0,cookie,0
{dut}cortège,k ɔ r t ɛː ʒ ə,0,cortège,0
{dut}counter,k ɑ u̯ n t ə r,0,counter,0
{dut}coördinator,k oː ɔ r d i n aː t ɔ r,0,coördinator,0
{dut}cruyff,k r œ y̯ f,0,cruyff,0
{dut}curator,k y r aː t ɔ r,0,curator,0
{dut}cyclisch,s i k l i s,0,cyclisch,0
{dut}daarheen,d aː r ɦ eː n,0,daarheen,0
{dut}daarmee,d aː r m eː,0,daarmee,0
{dut}daaromheen,d aː r ɔ m ɦ eː n,0,daaromheen,0
{dut}daartegen,d aː r t eː ɣ ə n,0,daartegen,0
{dut}daarvoor,d aː r v oː r,0,daarvoor,0
{dut}dadelijk,d aː d ə l ə k,0,dadelijk,0
{dut}dader,d aː d ə r,0,dader,0
{dut}dak,d ɑ k,0,dak,0
{dut}daniël,d aː n i j ɛ l,0,daniël,0
{dut}dankbaar,d ɑ ŋ k b aː r,0,dankbaar,0
{dut}dans,d ɑ n s,0,dans,0
{dut}databank,d aː t aː b ɑ ŋ k,0,databank,0
{dut}daten,d eː t ə n,0,daten,0
{dut}declareren,d eː k l aː r eː r ə n,0,declareren,0
{dut}deeg,d eː x,0,deeg,0
{dut}deelneemster,d eː l n eː m s t ə r,0,deelneemster,0
{dut}deerniswekkend,d eː r n ɪ s ʋ ɛ k ə n t,0,deerniswekkend,0
{dut}deining,d ɛ i̯ n ɪ ŋ,0,deining,0
{dut}denominatie,d eː n oː m i n aː t s i,0,denominatie,0
{dut}derde,d ɛ r d ə,0,derde,0
{dut}dergelijk,d ɛ r ɣ ə l ə k,0,dergelijk,0
{dut}desondanks,d ɛ s ɔ n d ɑ ŋ k s,0,desondanks,0
{dut}desoriëntatie,d ɛ s oː r i ɛ n t aː t s i,0,desoriëntatie,0
{dut}dezen,d eː z ə n,0,dezen,0
{dut}dictator,d ɪ k t aː t ɔ r,0,dictator,0
{dut}diens,d i n s,0,diens,0
{dut}dieptepunt,d i p t ə p ʏ n t,0,dieptepunt,0
{dut}dierenarts,d iː r ə n ɑ r t s,0,dierenarts,0
{dut}digitaal,d i ɣ i t aː l,0,digitaal,0
{dut}dijk,d ɛ i̯ k,0,dijk,0
{dut}ding,d ɪ ŋ,0,ding,0
{dut}dinsdagmorgen,d ɪ n s d ɑ x m ɔ r ɣ ə n,0,dinsdagmorgen,0
{dut}direct,d i r ɛ k t,0,direct,0
{dut}diversen,d i v ɛ r z ə n,0,diversen,0
{dut}diversiteit,d i v ɛ r z i t ɛ i̯ t,0,diversiteit,0
{dut}docent,d oː s ɛ n t,0,docent,0
{dut}dodental,d oː d ə n t ɑ l,0,dodental,0
{dut}doelwit,d u l ʋ ɪ t,0,doelwit,0
{dut}dokken,d ɔ k ə n,0,dokken,0
{dut}dollar,d ɔ l ɑ r,0,dollar,0
{dut}dompelen,d ɔ m p ə l ə n,0,dompelen,0
{dut}donderdagmorgen,d ɔ n d ə r d ɑ x m ɔ r ɣ ə n,0,donderdagmorgen,0
{dut}donderdagochtend,d ɔ n d ə r d ɑ x ɔ x t ə n t,0,donderdagochtend,0
{dut}donkerbruin,d ɔ ŋ k ə r b r œ y̯ n,0,donkerbruin,0
{dut}donkergrijs,d ɔ ŋ k ə r ɣ r ɛ i̯ s,0,donkergrijs,0
{dut}doodsoorzaak,d oː t s oː r z aː k,0,doodsoorzaak,0
{dut}dooi,d oː i̯,0,dooi,0
{dut}doordeweeks,d oː r d ə ʋ eː k s,0,doordeweeks,0
{dut}doorslag,d oː r s l ɑ x,0,doorslag,0
{dut}doorzichtigheid,d oː r z ɪ x t ə x ɦ ɛ i̯ t,0,doorzichtigheid,0
{dut}dordt,d ɔ r t,0,dordt,0
{dut}dorpsplein,d ɔ r p s p l ɛ i̯ n,0,dorpsplein,0
{dut}dosering,d oː z eː r ɪ ŋ,0,dosering,0
{dut}dosis,d oː z ɪ s,0,dosis,0
{dut}draf,d r ɑ f,0,draf,0
{dut}drammen,d r ɑ m ə n,0,drammen,0
{dut}draven,d r aː v ə n,0,draven,0
{dut}driehoek,d r i ɦ u k,0,driehoek,0
{dut}driehonderd,d r i ɦ ɔ n d ə r t,0,driehonderd,0
{dut}driekwart,d r i k ʋ ɑ r t,0,driekwart,0
{dut}drieluik,d r i l œ y̯ k,0,drieluik,0
{dut}drinkt,d r ɪ ŋ k t,0,drinkt,0
{dut}droogte,d r oː x t ə,0,droogte,0
{dut}drummer,d r ʏ m ə r,0,drummer,0
{dut}dubbel,d ʏ b ə l,0,dubbel,0
{dut}duiksport,d œ y̯ k s p ɔ r t,0,duiksport,0
{dut}duren,d y r ə n,0,duren,0
{dut}dusdanig,d ʏ s d aː n ə x,0,dusdanig,0
{dut}duur,d y r,0,duur,0
{dut}dynamo,d i n aː m oː,0,dynamo,0
{dut}echt,ɛ x t,0,echt,0
{dut}eclips,eː k l ɪ p s,0,eclips,0
{dut}eden,eː d ə n,0,eden,0
{dut}ei,ɛ i̯,0,ei,0
{dut}eindbestemming,ɛ i̯ n t b ə s t ɛ m ɪ ŋ,0,eindbestemming,0
{dut}einde,ɛ i̯ n d ə,0,einde,0
{dut}elfde,ɛ l f d ə,0,elfde,0
{dut}epidemiologie,eː p i d eː m i oː l oː ɣ i,0,epidemiologie,0
{dut}eredivisie,eː r ə d i v i s i,0,eredivisie,0
{dut}ergens,ɛ r ɣ ə n s,0,ergens,0
{dut}ervaring,ɛ r v aː r ɪ ŋ,0,ervaring,0
{dut}esdorp,ɛ s d ɔ r p,0,esdorp,0
{dut}essay,ɛ s eː,0,essay,0
{dut}evalueren,eː v aː l y eː r ə n,0,evalueren,0
{dut}exploderen,ɛ k s p l oː d eː r ə n,0,exploderen,0
{dut}fabriceren,f ɑ b r i s eː r ə n,0,fabriceren,0
{dut}fabriek,f aː b r i k,0,fabriek,0
{dut}factureren,f ɑ k t y r eː r ə n,0,factureren,0
{dut}familielid,f aː m i l i l ɪ t,0,familielid,0
{dut}fase,f aː z ə,0,fase,0
{dut}fataal,f aː t aː l,0,fataal,0
{dut}fauteuil,f oː t œ y̯,0,fauteuil,0
{dut}fax,f ɑ k s,0,fax,0
{dut}faxen,f ɑ k s ə n,0,faxen,0
{dut}federaal,f eː d ə r aː l,0,federaal,0
{dut}feesten,f eː s t ə n,0,feesten,0
{dut}filosofie,f i l oː s oː f i,0,filosofie,0
{dut}filosoof,f i l oː s oː f,0,filosoof,0
{dut}fixeren,f ɪ k s eː r ə n,0,fixeren,0
{dut}flauwekul,f l ɑ u̯ ʋ ə k ʏ l,0,flauwekul,0
{dut}fluwelen,f l y ʋ eː l ə n,0,fluwelen,0
{dut}formuleren,f ɔ r m y l eː r ə n,0,formuleren,0
{dut}fotoalbum,f oː t oː ɑ l b ʏ m,0,fotoalbum,0
{dut}fotostudio,f oː t oː s t y d i oː,0,fotostudio,0
{dut}franse,f r ɑ n s ə,0,franse,0
{dut}fretten,f r ɛ t ə n,0,fretten,0
{dut}fries,f r i s,0,fries,0
{dut}fugitief,f y ɣ i t i f,0,fugitief,0
{dut}föhn,f øː n,0,föhn,0
{dut}gaaf,ɣ aː f,0,gaaf,0
{dut}gamen,ɡ eː m ə n,0,gamen,0
{dut}gast,ɣ ɑ s t,0,gast,0
{dut}gastheer,ɣ ɑ s t ɦ eː r,0,gastheer,0
{dut}gave,ɣ aː v ə,0,gave,0
{dut}gedaan,ɣ ə d aː n,0,gedaan,0
{dut}gedachte,ɣ ə d ɑ x t ə,0,gedachte,0
{dut}gedoogbeleid,ɣ ə d oː x b ə l ɛ i̯ t,0,gedoogbeleid,0
{dut}geest,ɣ eː s t,0,geest,0
{dut}gegooid,ɣ ə ɣ oː i̯ t,0,gegooid,0
{dut}gehoorzaam,ɣ ə ɦ oː r z aː m,0,gehoorzaam,0
{dut}geldbuidel,ɣ ɛ l t b œ y̯ d ə l,0,geldbuidel,0
{dut}geldigheid,ɣ ɛ l d ə x ɦ ɛ i̯ t,0,geldigheid,0
{dut}gelegenheid,ɣ ə l eː ɣ ə n ɦ ɛ i̯ t,0,gelegenheid,0
{dut}geleider,ɣ ə l ɛ i̯ d ə r,0,geleider,0
{dut}gelijkmaker,ɣ ə l ɛ i̯ k m aː k ə r,0,gelijkmaker,0
{dut}gemoeten,ɣ ə m u t ə n,0,gemoeten,0
{dut}geneesheer,ɣ ə n eː s ɦ eː r,0,geneesheer,0
{dut}generaal,ɣ eː n ə r aː l,0,generaal,0
{dut}gerard,ɣ eː r ɑ r t,0,gerard,0
{dut}gerecht,ɣ ə r ɛ x t,0,gerecht,0
{dut}gerven,ɣ ɛ r v ə n,0,gerven,0
{dut}geschiedenis,ɣ ə s x i d ə n ɪ s,0,geschiedenis,0
{dut}gestel,ɣ ə s t ɛ l,0,gestel,0
{dut}geul,ɣ øː l,0,geul,0
{dut}geuren,ɣ øː r ə n,0,geuren,0
{dut}gevangenis,ɣ ə v ɑ ŋ ə n ɪ s,0,gevangenis,0
{dut}gevel,ɣ eː v ə l,0,gevel,0
{dut}gevoel,ɣ ə v u l,0,gevoel,0
{dut}gezel,ɣ ə z ɛ l,0,gezel,0
{dut}gezelschapsspel,ɣ ə z ɛ l s x ɑ p s p ɛ l,0,gezelschapsspel,0
{dut}glimmen,ɣ l ɪ m ə n,0,glimmen,0
{dut}gondel,ɣ ɔ n d ə l,0,gondel,0
{dut}gordijn,ɣ ɔ r d ɛ i̯ n,0,gordijn,0
{dut}graag,ɣ r aː x,0,graag,0
{dut}grasduinen,ɣ r ɑ s d œ y̯ n ə n,0,grasduinen,0
{dut}graven,ɣ r aː v ə n,0,graven,0
{dut}grazen,ɣ r aː z ə n,0,grazen,0
{dut}grijpen,ɣ r ɛ i̯ p ə n,0,grijpen,0
{dut}grind,ɣ r ɪ n t,0,grind,0
{dut}groei,ɣ r u i̯,0,groei,0
{dut}groeten,ɣ r u t ə n,0,groeten,0
{dut}grondwet,ɣ r ɔ n t ʋ ɛ t,0,grondwet,0
{dut}groot,ɣ r oː t,0,groot,0
{dut}grootste,ɣ r oː t s t ə,0,grootste,0
{dut}haal,ɦ aː l,0,haal,0
{dut}halen,ɦ aː l ə n,0,halen,0
{dut}half,ɦ ɑ l f,0,half,0
{dut}halsketting,ɦ ɑ l s k ɛ t ɪ ŋ,0,halsketting,0
{dut}halte,ɦ ɑ l t ə,0,halte,0
{dut}handtas,ɦ ɑ n t ɑ s,0,handtas,0
{dut}handtekening,ɦ ɑ n t eː k ə n ɪ ŋ,0,handtekening,0
{dut}hangar,ɦ ɑ ŋ ɡ aː r,0,hangar,0
{dut}hare,ɦ aː r ə,0,hare,0
{dut}harlingen,ɦ ɑ r l ɪ ŋ ə n,0,harlingen,0
{dut}harmonisch,ɦ ɑ r m oː n i s,0,harmonisch,0
{dut}hedendaags,ɦ eː d ə n d aː x s,0,hedendaags,0
{dut}heen,ɦ eː n,0,heen,0
{dut}heiden,ɦ ɛ i̯ d ə n,0,heiden,0
{dut}heisa,ɦ ɛ i̯ s aː,0,heisa,0
{dut}held,ɦ ɛ l t,0,held,0
{dut}helder,ɦ ɛ l d ə r,0,helder,0
{dut}helemaal,ɦ eː l ə m aː l,0,helemaal,0
{dut}heling,ɦ eː l ɪ ŋ,0,heling,0
{dut}helium,ɦ eː l i ʏ m,0,helium,0
{dut}helling,ɦ ɛ l ɪ ŋ,0,helling,0
{dut}hemd,ɦ ɛ m t,0,hemd,0
{dut}hemel,ɦ eː m ə l,0,hemel,0
{dut}herbronnen,ɦ ɛ r b r ɔ n ə n,0,herbronnen,0
{dut}herenhuis,ɦ eː r ə n ɦ œ y̯ s,0,herenhuis,0
{dut}heus,ɦ øː s,0,heus,0
{dut}heusden,ɦ øː z d ə n,0,heusden,0
{dut}hijsen,ɦ ɛ i̯ s ə n,0,hijsen,0
{dut}hoeveelheid,ɦ u v eː l ɦ ɛ i̯ t,0,hoeveelheid,0
{dut}honkbalknuppel,ɦ ɔ ŋ k b ɑ l k n ʏ p ə l,0,honkbalknuppel,0
{dut}hoofden,ɦ oː v d ə n,0,hoofden,0
{dut}hoofdinspecteur,ɦ oː f t ɪ n s p ɛ k t øː r,0,hoofdinspecteur,0
{dut}hoofdletter,ɦ oː f t l ɛ t ə r,0,hoofdletter,0
{dut}hoofdreeksster,ɦ oː f t r eː k s s t ɛ r,0,hoofdreeksster,0
{dut}hoogstens,ɦ oː x s t ə n s,0,hoogstens,0
{dut}hoop,ɦ oː p,0,hoop,0
{dut}hoor,ɦ oː r,0,hoor,0
{dut}hoort,ɦ oː r t,0,hoort,0
{dut}houtworm,ɦ ɑ u̯ t ʋ ɔ r m,0,houtworm,0
{dut}hoveling,ɦ oː v ə l ɪ ŋ,0,hoveling,0
{dut}huib,ɦ œ y̯ p,0,huib,0
{dut}huisafval,ɦ œ y̯ s ɑ f ɑ l,0,huisafval,0
{dut}huisgenoot,ɦ œ y̯ s x ə n oː t,0,huisgenoot,0
{dut}huishoudelijk,ɦ œ y̯ s ɦ ɑ u̯ d ə l ə k,0,huishoudelijk,0
{dut}huiverig,ɦ œ y̯ v ə r ə x,0,huiverig,0
{dut}huizinga,ɦ œ y̯ z ɪ ŋ ɣ aː,0,huizinga,0
{dut}hulp,ɦ ʏ l p,0,hulp,0
{dut}hulpmiddel,ɦ ʏ l p m ɪ d ə l,0,hulpmiddel,0
{dut}hé,ɦ eː,0,hé,0
{dut}ijs,ɛ i̯ s,0,ijs,0
{dut}ijskast,ɛ i̯ s k ɑ s t,0,ijskast,0
{dut}ijskoud,ɛ i̯ s k ɑ u̯ t,0,ijskoud,0
{dut}ijslander,ɛ i̯ s l ɑ n d ə r,0,ijslander,0
{dut}ijsselmeer,ɛ i̯ s ə l m eː r,0,ijsselmeer,0
{dut}inboezemen,ɪ n b u z ə m ə n,0,inboezemen,0
{dut}inbreker,ɪ n b r eː k ə r,0,inbreker,0
{dut}indruk,ɪ n d r ʏ k,0,indruk,0
{dut}ingang,ɪ ŋ ɣ ɑ ŋ,0,ingang,0
{dut}instituut,ɪ n s t i t y t,0,instituut,0
{dut}instorten,ɪ n s t ɔ r t ə n,0,instorten,0
{dut}intensief,ɪ n t ɛ n z i f,0,intensief,0
{dut}interval,ɪ n t ə r v ɑ l,0,interval,0
{dut}intonatie,ɪ n t oː n aː t s i,0,intonatie,0
{dut}intuïtie,ɪ n t y i t s i,0,intuïtie,0
{dut}inzake,ɪ n z aː k ə,0,inzake,0
{dut}inzicht,ɪ n z ɪ x t,0,inzicht,0
{dut}islamiet,ɪ s l aː m i t,0,islamiet,0
{dut}jaarabonnement,j aː r ɑ b ɔ n ə m ɛ n t,0,jaarabonnement,0
{dut}jasmijn,j ɑ s m ɛ i̯ n,0,jasmijn,0
{dut}jeugd,j øː x t,0,jeugd,0
{dut}jeuk,j øː k,0,jeuk,0
{dut}jodelen,j oː d ə l ə n,0,jodelen,0
{dut}jongedame,j ɔ ŋ ə d aː m ə,0,jongedame,0
{dut}joris,j oː r ɪ s,0,joris,0
{dut}jouw,j ɑ u̯,0,jouw,0
{dut}jurylid,ʒ yː r i l ɪ t,0,jurylid,0
{dut}ka,k aː,0,ka,0
{dut}kabaal,k aː b aː l,0,kabaal,0
{dut}kabel,k aː b ə l,0,kabel,0
{dut}kacheloven,k ɑ x ə l oː v ə n,0,kacheloven,0
{dut}kamp,k ɑ m p,0,kamp,0
{dut}kamsalamander,k ɑ m s aː l aː m ɑ n d ə r,0,kamsalamander,0
{dut}kanselier,k ɑ n s ə l iː r,0,kanselier,0
{dut}kardinaal,k ɑ r d i n aː l,0,kardinaal,0
{dut}karma,k ɑ r m ɑ,0,karma,0
{dut}kater,k aː t ə r,0,kater,0
{dut}kegelbaan,k eː ɣ ə l b aː n,0,kegelbaan,0
{dut}kelk,k ɛ l k,0,kelk,0
{dut}kerel,k eː r ə l,0,kerel,0
{dut}keten,k eː t ə n,0,keten,0
{dut}kietelen,k i t ə l ə n,0,kietelen,0
{dut}kille,k ɪ l ə,0,kille,0
{dut}kinderen,k ɪ n d ə r ə n,0,kinderen,0
{dut}klagen,k l aː ɣ ə n,0,klagen,0
{dut}klaslokaal,k l ɑ s l oː k aː l,0,klaslokaal,0
{dut}kleed,k l eː t,0,kleed,0
{dut}kleuter,k l øː t ə r,0,kleuter,0
{dut}klimaat,k l i m aː t,0,klimaat,0
{dut}klimt,k l ɪ m t,0,klimt,0
{dut}klokken,k l ɔ k ə n,0,klokken,0
{dut}klokkenluider,k l ɔ k ə n l œ y̯ d ə r,0,klokkenluider,0
{dut}knaap,k n aː p,0,knaap,0
{dut}knap,k n ɑ p,0,knap,0
{dut}knisperen,k n ɪ s p ə r ə n,0,knisperen,0
{dut}koeien,k u i̯ ə n,0,koeien,0
{dut}koekenpan,k u k ə m p ɑ n,0,koekenpan,0
{dut}koelen,k u l ə n,0,koelen,0
{dut}koker,k oː k ə r,0,koker,0
{dut}komt,k ɔ m t,0,komt,0
{dut}koningshuis,k oː n ɪ ŋ s ɦ œ y̯ s,0,koningshuis,0
{dut}kont,k ɔ n t,0,kont,0
{dut}koog,k oː x,0,koog,0
{dut}korrel,k ɔ r ə l,0,korrel,0
{dut}korten,k ɔ r t ə n,0,korten,0
{dut}kosmopolitisch,k ɔ s m oː p oː l i t i s,0,kosmopolitisch,0
{dut}kosteloos,k ɔ s t ə l oː s,0,kosteloos,0
{dut}kou,k ɑ u̯,0,kou,0
{dut}krap,k r ɑ p,0,krap,0
{dut}krentenbol,k r ɛ n t ə n b ɔ l,0,krentenbol,0
{dut}krijg,k r ɛ i̯ x,0,krijg,0
{dut}kroeg,k r u x,0,kroeg,0
{dut}kruid,k r œ y̯ t,0,kruid,0
{dut}kruis,k r œ y̯ s,0,kruis,0
{dut}kruiwagen,k r œ y̯ ʋ aː ɣ ə n,0,kruiwagen,0
{dut}kunstlicht,k ʏ n s t l ɪ x t,0,kunstlicht,0
{dut}kweekschool,k ʋ eː k s x oː l,0,kweekschool,0
{dut}lacht,l ɑ x t,0,lacht,0
{dut}landgoed,l ɑ n t x uː t,0,landgoed,0
{dut}landman,l ɑ n t m ɑ n,0,landman,0
{dut}lange,l ɑ ŋ ə,0,lange,0
{dut}langlaufen,l ɑ ŋ l ɑ u̯ f ə n,0,langlaufen,0
{dut}lastercampagne,l ɑ s t ə r k ɑ m p ɑ n j ə,0,lastercampagne,0
{dut}leefgebied,l eː f x ə b i t,0,leefgebied,0
{dut}leerstof,l eː r s t ɔ f,0,leerstof,0
{dut}leesten,l eː s t ə n,0,leesten,0
{dut}leggen,l ɛ ɣ ə n,0,leggen,0
{dut}lemma,l ɛ m aː,0,lemma,0
{dut}lenen,l eː n ə n,0,lenen,0
{dut}lens,l ɛ n s,0,lens,0
{dut}lentefeest,l ɛ n t ə f eː s t,0,lentefeest,0
{dut}letter,l ɛ t ə r,0,letter,0
{dut}lexmond,l ɛ k s m ɔ n t,0,lexmond,0
{dut}lichaamsbouw,l ɪ x aː m s b ɑ u̯,0,lichaamsbouw,0
{dut}lied,l i t,0,lied,0
{dut}ligt,l ɪ x t,0,ligt,0
{dut}likken,l ɪ k ə n,0,likken,0
{dut}limbo,l ɪ m b oː,0,limbo,0
{dut}link,l ɪ ŋ k,0,link,0
{dut}lisse,l ɪ s ə,0,lisse,0
{dut}logisch,l oː ɣ i s,0,logisch,0
{dut}lokaal,l oː k aː l,0,lokaal,0
{dut}londen,l ɔ n d ə n,0,londen,0
{dut}loo,l oː,0,loo,0
{dut}loop,l oː p,0,loop,0
{dut}loopgraaf,l oː p x r aː f,0,loopgraaf,0
{dut}loslaten,l ɔ s l aː t ə n,0,loslaten,0
{dut}loven,l oː v ə n,0,loven,0
{dut}luiden,l œ y̯ d ə n,0,luiden,0
{dut}luis,l œ y̯ s,0,luis,0
{dut}luister,l œ y̯ s t ə r,0,luister,0
{dut}luisteraar,l œ y̯ s t ə r aː r,0,luisteraar,0
{dut}luisteren,l œ y̯ s t ə r ə n,0,luisteren,0
{dut}lunchen,l ʏ n ʃ ə n,0,lunchen,0
{dut}maandelijks,m aː n d ə l ə k s,0,maandelijks,0
{dut}macho,m ɑ t ʃ oː,0,macho,0
{dut}machtiging,m ɑ x t ə ɣ ɪ ŋ,0,machtiging,0
{dut}maf,m ɑ f,0,maf,0
{dut}mallemolen,m ɑ l ə m oː l ə n,0,mallemolen,0
{dut}malware,m ɑ l ʋ ɛː r,0,malware,0
{dut}manon,m aː n ɔ n,0,manon,0
{dut}maria,m aː r i j aː,0,maria,0
{dut}marien,m aː r i n,0,marien,0
{dut}markgraaf,m ɑ r k x r aː f,0,markgraaf,0
{dut}marmer,m ɑ r m ə r,0,marmer,0
{dut}marokko,m aː r ɔ k oː,0,marokko,0
{dut}maïzena,m ɑ i z eː n aː,0,maïzena,0
{dut}medicatie,m eː d i k aː t s i,0,medicatie,0
{dut}meelopen,m eː l oː p ə n,0,meelopen,0
{dut}mensen,m ɛ n s ə n,0,mensen,0
{dut}meppel,m ɛ p ə l,0,meppel,0
{dut}middenstip,m ɪ d ə n s t ɪ p,0,middenstip,0
{dut}middenvelder,m ɪ d ə n v ɛ l t,0,middenvelder,0
{dut}miranda,m i r ɑ n d aː,0,miranda,0
{dut}mislukken,m ɪ s l ʏ k ə n,0,mislukken,0
{dut}mitsgaders,m ɪ t s x aː d ə r s,0,mitsgaders,0
{dut}mobieltje,m oː b i l t j ə,0,mobieltje,0
{dut}mobiliseren,m oː b i l i z eː r ə n,0,mobiliseren,0
{dut}modieus,m oː d i øː s,0,modieus,0
{dut}moeten,m u t ə n,0,moeten,0
{dut}mogelijkheid,m oː ɣ ə l ə k ɦ ɛ i̯ t,0,mogelijkheid,0
{dut}moker,m oː k ə r,0,moker,0
{dut}molen,m oː l ə n,0,molen,0
{dut}monnik,m ɔ n ɪ k,0,monnik,0
{dut}monoplan,m oː n oː p l ɑ n,0,monoplan,0
{dut}motten,m ɔ t ə n,0,motten,0
{dut}multimiljonair,m ʏ l t i m ɪ l j oː n ɛː r,0,multimiljonair,0
{dut}mystiek,m ɪ s t i k,0,mystiek,0
{dut}naald,n aː l t,0,naald,0
{dut}naderen,n aː d ə r ə n,0,naderen,0
{dut}nazaat,n aː z aː t,0,nazaat,0
{dut}neerslachtig,n eː r s l ɑ x t ə x,0,neerslachtig,0
{dut}negatief,n eː x aː t i f,0,negatief,0
{dut}nep,n ɛ p,0,nep,0
{dut}neptunus,n ɛ p t y n ʏ s,0,neptunus,0
{dut}neurochirurg,n øː r oː ʃ i r ʏ r x,0,neurochirurg,0
{dut}nicodemus,n i k oː d eː m ʏ s,0,nicodemus,0
{dut}nieuwegein,n i u̯ ə ɣ ɛ i̯ n,0,nieuwegein,0
{dut}nijl,n ɛ i̯ l,0,nijl,0
{dut}nis,n ɪ s,0,nis,0
{dut}noodweer,n oː t ʋ eː r,0,noodweer,0
{dut}noot,n oː t,0,noot,0
{dut}nora,n oː r aː,0,nora,0
{dut}oefent,u f ə n t,0,oefent,0
{dut}oekaze,u k aː z ə,0,oekaze,0
{dut}offensief,ɔ f ɛ n s i f,0,offensief,0
{dut}olie,oː l i,0,olie,0
{dut}oliewinning,oː l i ʋ ɪ n ɪ ŋ,0,oliewinning,0
{dut}olifantenpad,oː l i f ɑ n t ə n p ɑ t,0,olifantenpad,0
{dut}omarmen,ɔ m ɑ r m ə n,0,omarmen,0
{dut}omgang,ɔ m ɣ ɑ ŋ,0,omgang,0
{dut}omgeving,ɔ m ɣ eː v ɪ ŋ,0,omgeving,0
{dut}omhakken,ɔ m ɦ ɑ k ə n,0,omhakken,0
{dut}omvang,ɔ m v ɑ ŋ,0,omvang,0
{dut}omzet,ɔ m z ɛ t,0,omzet,0
{dut}ondergeschikt,ɔ n d ə r ɣ ə s x ɪ k t,0,ondergeschikt,0
{dut}ondervinden,ɔ n d ə r v ɪ n d ə n,0,ondervinden,0
{dut}onderwijs,ɔ n d ə r ʋ ɛ i̯ s,0,onderwijs,0
{dut}onderzoeken,ɔ n d ə r z u k ə n,0,onderzoeken,0
{dut}ongehuwd,ɔ ŋ ɣ ə ɦ y u̯ t,0,ongehuwd,0
{dut}online,ɔ n l ɑ i̯ n,0,online,0
{dut}onno,ɔ n oː,0,onno,0
{dut}ontgroening,ɔ n t x r u n ɪ ŋ,0,ontgroening,0
{dut}onthouden,ɔ n t ɦ ɑ u̯ d ə n,0,onthouden,0
{dut}onthullen,ɔ n t ɦ ʏ l ə n,0,onthullen,0
{dut}ontplooien,ɔ n t p l oː i̯ ə n,0,ontplooien,0
{dut}ontucht,ɔ n t ʏ x t,0,ontucht,0
{dut}ontvangen,ɔ n t f ɑ ŋ ə n,0,ontvangen,0
{dut}ontvanger,ɔ n t f ɑ ŋ ə r,0,ontvanger,0
{dut}ontwaken,ɔ n t ʋ aː k ə n,0,ontwaken,0
{dut}onwaardig,ɔ n ʋ aː r d ə x,0,onwaardig,0
{dut}onwel,ɔ n ʋ ɛ l,0,onwel,0
{dut}oostenrijk,oː s t ə n r ɛ i̯ k,0,oostenrijk,0
{dut}oosterhof,oː s t ə r ɦ ɔ f,0,oosterhof,0
{dut}opbouw,ɔ p b ɑ u̯,0,opbouw,0
{dut}opeten,ɔ p eː t ə n,0,opeten,0
{dut}oppervlakte,ɔ p ə r v l ɑ k t ə,0,oppervlakte,0
{dut}orchidee,ɔ r x i d eː,0,orchidee,0
{dut}ordner,ɔ r t n ə r,0,ordner,0
{dut}orgasme,ɔ r ɣ ɑ s m ə,0,orgasme,0
{dut}orgel,ɔ r ɣ ə l,0,orgel,0
{dut}orkaan,ɔ r k aː n,0,orkaan,0
{dut}overblijven,oː v ə r b l ɛ i̯ v ə n,0,overblijven,0
{dut}overdoen,oː v ə r d u n,0,overdoen,0
{dut}overkoken,oː v ə r k oː k ə n,0,overkoken,0
{dut}overlaten,oː v ə r l aː t ə n,0,overlaten,0
{dut}overnachten,oː v ə r n ɑ x t ə n,0,overnachten,0
{dut}overplaatsing,oː v ə r p l aː t s ɪ ŋ,0,overplaatsing,0
{dut}overrompelen,oː v ə r ɔ m p ə l ə n,0,overrompelen,0
{dut}overtuiging,oː v ə r t œ y̯ ɣ ɪ ŋ,0,overtuiging,0
{dut}oxaalzuur,ɔ k s aː l z yː r,0,oxaalzuur,0
{dut}paadje,p aː t ʃ ə,0,paadje,0
{dut}paar,p aː r,0,paar,0
{dut}paaseiland,p aː s ɛ i̯ l ɑ n t,0,paaseiland,0
{dut}palladium,p ɑ l aː d i ʏ m,0,palladium,0
{dut}pamflet,p ɑ m f l ɛ t,0,pamflet,0
{dut}panda,p ɑ n d aː,0,panda,0
{dut}paniek,p aː n i k,0,paniek,0
{dut}pappen,p ɑ p ə n,0,pappen,0
{dut}pas,p ɑ s,0,pas,0
{dut}pasfoto,p ɑ s f oː t oː,0,pasfoto,0
{dut}pasgeboren,p ɑ s x ə b oː r ə n,0,pasgeboren,0
{dut}pasja,p aː ʃ aː,0,pasja,0
{dut}pellen,p ɛ l ə n,0,pellen,0
{dut}perceel,p ɛ r s eː l,0,perceel,0
{dut}persoonsgegevens,p ɛ r s oː n s x ə ɣ eː v ə n s,0,persoonsgegevens,0
{dut}pester,p ɛ s t ə r,0,pester,0
{dut}peuterspeelzaal,p øː t ə r s p eː l z aː l,0,peuterspeelzaal,0
{dut}pezen,p eː z ə n,0,pezen,0
{dut}pijl,p ɛ i̯ l,0,pijl,0
{dut}pijnlijk,p ɛ i̯ n l ə k,0,pijnlijk,0
{dut}pijpen,p ɛ i p ə n,0,pijpen,0
{dut}pikken,p ɪ k ə n,0,pikken,0
{dut}pillewegge,p ɪ l ə ʋ ɛ ɣ ə,0,pillewegge,0
{dut}pissebed,p ɪ s ə b ɛ t,0,pissebed,0
{dut}plaag,p l aː x,0,plaag,0
{dut}planten,p l ɑ n t ə n,0,planten,0
{dut}plas,p l ɑ s,0,plas,0
{dut}plassen,p l ɑ s ə n,0,plassen,0
{dut}plateau,p l aː t oː,0,plateau,0
{dut}plechtigheid,p l ɛ x t ə x ɦ ɛ i̯ t,0,plechtigheid,0
{dut}plukken,p l ʏ k ə n,0,plukken,0
{dut}pol,p ɔ l,0,pol,0
{dut}politiek,p oː l i t i k,0,politiek,0
{dut}pomp,p ɔ m p,0,pomp,0
{dut}pompen,p ɔ m p ə n,0,pompen,0
{dut}poolvos,p oː l v ɔ s,0,poolvos,0
{dut}poot,p oː t,0,poot,0
{dut}poppenkast,p ɔ p ə n k ɑ s t,0,poppenkast,0
{dut}port,p ɔ r t,0,port,0
{dut}porto,p ɔ r t oː,0,porto,0
{dut}positie,p oː z i t s i,0,positie,0
{dut}poten,p oː t ə n,0,poten,0
{dut}praag,p r aː x,0,praag,0
{dut}praat,p r aː t,0,praat,0
{dut}praten,p r aː t ə n,0,praten,0
{dut}prehistorisch,p r eː ɦ ɪ s t oː r i s,0,prehistorisch,0
{dut}premie,p r eː m i,0,premie,0
{dut}première,p r ə m j ɛː r ə,0,première,0
{dut}prins,p r ɪ n s,0,prins,0
{dut}privatiseren,p r i v aː t i z eː r ə n,0,privatiseren,0
{dut}probleemloos,p r oː b l eː m l oː s,0,probleemloos,0
{dut}programmatuur,p r oː ɣ r ɑ m aː t yː r,0,programmatuur,0
{dut}provincie,p r oː v ɪ n s i,0,provincie,0
{dut}psychologie,p s i x oː l oː ɣ i,0,psychologie,0
{dut}publiek,p y b l i k,0,publiek,0
{dut}puur,p y r,0,puur,0
{dut}raadzaam,r aː t s aː m,0,raadzaam,0
{dut}raap,r aː p,0,raap,0
{dut}raden,r aː d ə n,0,raden,0
{dut}radio,r aː d i j oː,0,radio,0
{dut}raken,r aː k ə n,0,raken,0
{dut}ram,r ɑ m,0,ram,0
{dut}rare,r aː r ə,0,rare,0
{dut}raspen,r ɑ s p ə n,0,raspen,0
{dut}rationeel,r aː t ʃ oː n eː l,0,rationeel,0
{dut}ravage,r aː v aː ʒ ə,0,ravage,0
{dut}razendsnel,r aː z ə n t s n ɛ l,0,razendsnel,0
{dut}recentelijk,r ə s ɛ n t ə l ə k,0,recentelijk,0
{dut}rechtbank,r ɛ x t b ɑ ŋ k,0,rechtbank,0
{dut}rechter,r ɛ x t ə r,0,rechter,0
{dut}redeneren,r eː d ə n eː r ə n,0,redeneren,0
{dut}reep,r eː p,0,reep,0
{dut}regering,r ə ɣ eː r ɪ ŋ,0,regering,0
{dut}regisseur,r eː ɣ i s øː r,0,regisseur,0
{dut}reiniger,r ɛ i̯ n ə ɣ ə r,0,reiniger,0
{dut}rendabel,r ɛ n d aː b ə l,0,rendabel,0
{dut}rhenen,r eː n ə n,0,rhenen,0
{dut}riant,r i ɑ n t,0,riant,0
{dut}riemen,r i m ə n,0,riemen,0
{dut}rijstrook,r ɛ i̯ s t r oː k,0,rijstrook,0
{dut}rijweg,r ɛ i̯ ʋ ɛ x,0,rijweg,0
{dut}rit,r ɪ t,0,rit,0
{dut}rivaliteit,r i v aː l i t ɛ i̯ t,0,rivaliteit,0
{dut}rode,r oː d ə,0,rode,0
{dut}roemenië,r u m eː n i j ə,0,roemenië,0
{dut}roepen,r u p ə n,0,roepen,0
{dut}rog,r ɔ x,0,rog,0
{dut}rommelig,r ɔ m ə l ə x,0,rommelig,0
{dut}rood,r oː t,0,rood,0
{dut}roomijs,r oː m ɛ i̯ s,0,roomijs,0
{dut}rubriek,r y b r i k,0,rubriek,0
{dut}ruimen,r œ y̯ m ə n,0,ruimen,0
{dut}ruth,r ʏ t,0,ruth,0
{dut}safari,s aː f aː r i,0,safari,0
{dut}sake,s aː k eː,0,sake,0
{dut}salontafel,s aː l ɔ n t aː f ə l,0,salontafel,0
{dut}samenstelling,s aː m ə n s t ɛ l ɪ ŋ,0,samenstelling,0
{dut}sanskriet,s ɑ n s k r i t,0,sanskriet,0
{dut}schaal,s x aː l,0,schaal,0
{dut}scheepvaart,s x eː p v aː r t,0,scheepvaart,0
{dut}scheiding,s x ɛ i̯ d ɪ ŋ,0,scheiding,0
{dut}schelp,s x ɛ l p,0,schelp,0
{dut}schenker,s x ɛ ŋ k ə r,0,schenker,0
{dut}schep,s x ɛ p,0,schep,0
{dut}scherp,s x ɛ r p,0,scherp,0
{dut}scheuren,s x øː r ə n,0,scheuren,0
{dut}schier,s x iː r,0,schier,0
{dut}schietbaan,s x i t b aː n,0,schietbaan,0
{dut}schijf,s x ɛ i̯ f,0,schijf,0
{dut}schil,s x ɪ l,0,schil,0
{dut}schilderij,s x ɪ l d ə r ɛ i̯,0,schilderij,0
{dut}schip,s x ɪ p,0,schip,0
{dut}schiphol,s x ɪ p ɦ ɔ l,0,schiphol,0
{dut}schoeien,s x u i̯ ə n,0,schoeien,0
{dut}schoenmakerij,s x u n m aː k ə r ɛ i̯,0,schoenmakerij,0
{dut}scholing,s x oː l ɪ ŋ,0,scholing,0
{dut}schoner,s x oː n ə r,0,schoner,0
{dut}schrappen,s x r ɑ p ə n,0,schrappen,0
{dut}schrijven,s x r ɛ i̯ v ə n,0,schrijven,0
{dut}schrikbarend,s x r ɪ k b aː r ə n t,0,schrikbarend,0
{dut}schudden,s x ʏ d ə n,0,schudden,0
{dut}schuldenberg,s x ʏ l d ə n b ɛ r x,0,schuldenberg,0
{dut}schuwen,s x y u̯ ə n,0,schuwen,0
{dut}sein,s ɛ i̯ n,0,sein,0
{dut}seks,s ɛ k s,0,seks,0
{dut}seminarie,s eː m i n aː r i,0,seminarie,0
{dut}sicilië,s i s i l i ə,0,sicilië,0
{dut}sier,s i r,0,sier,0
{dut}site,s ɑ i̯ t,0,site,0
{dut}sjofel,ʃ oː f ə l,0,sjofel,0
{dut}slechte,s l ɛ x t ə,0,slechte,0
{dut}slet,s l ɛ t,0,slet,0
{dut}sliep,s l i p,0,sliep,0
{dut}slijten,s l ɛ i̯ t ə n,0,slijten,0
{dut}slip,s l ɪ p,0,slip,0
{dut}sloom,s l oː m,0,sloom,0
{dut}sloot,s l oː t,0,sloot,0
{dut}snaar,s n aː r,0,snaar,0
{dut}snee,s n eː,0,snee,0
{dut}snugger,s n ʏ ɣ ə r,0,snugger,0
{dut}soa,s oː aː,0,soa,0
{dut}soeverein,s u v ə r ɛ i̯ n,0,soeverein,0
{dut}sokken,s ɔ k ə n,0,sokken,0
{dut}soldaat,s ɔ l d aː t,0,soldaat,0
{dut}solo,s oː l oː,0,solo,0
{dut}soms,s ɔ m s,0,soms,0
{dut}sonde,s ɔ n d ə,0,sonde,0
{dut}span,s p ɑ n,0,span,0
{dut}spanje,s p ɑ n j ə,0,spanje,0
{dut}specialist,s p eː ʃ aː l ɪ s t,0,specialist,0
{dut}speelster,s p eː l s t ə r,0,speelster,0
{dut}spek,s p ɛ k,0,spek,0
{dut}spel,s p ɛ l,0,spel,0
{dut}spelt,s p ɛ l t,0,spelt,0
{dut}spookstad,s p oː k s t ɑ t,0,spookstad,0
{dut}spoorloos,s p oː r l oː s,0,spoorloos,0
{dut}sporen,s p oː r ə n,0,sporen,0
{dut}sprookje,s p r oː k j ə,0,sprookje,0
{dut}staats,s t aː t s,0,staats,0
{dut}staking,s t aː k ɪ ŋ,0,staking,0
{dut}standaardwerk,s t ɑ n d aː r t ʋ ɛ r k,0,standaardwerk,0
{dut}startsein,s t ɑ r t s ɛ i̯ n,0,startsein,0
{dut}sterven,s t ɛ r v ə n,0,sterven,0
{dut}stiekem,s t i k ə m,0,stiekem,0
{dut}stier,s t iː r,0,stier,0
{dut}stijn,s t ɛ i̯ n,0,stijn,0
{dut}stoep,s t u p,0,stoep,0
{dut}stokbrood,s t ɔ k b r oː t,0,stokbrood,0
{dut}storm,s t ɔ r m,0,storm,0
{dut}stormachtig,s t ɔ r m ɑ x t ə x,0,stormachtig,0
{dut}storting,s t ɔ r t ɪ ŋ,0,storting,0
{dut}straat,s t r aː t,0,straat,0
{dut}stralen,s t r aː l ə n,0,stralen,0
{dut}strijden,s t r ɛ i̯ d ə n,0,strijden,0
{dut}stripfiguur,s t r ɪ p f i ɣ yː r,0,stripfiguur,0
{dut}stroop,s t r oː p,0,stroop,0
{dut}stuur,s t y r,0,stuur,0
{dut}stylus,s t i l ʏ s,0,stylus,0
{dut}syndroom,s ɪ n d r oː m,0,syndroom,0
{dut}taal,t aː l,0,taal,0
{dut}taken,t aː k ə n,0,taken,0
{dut}tamelijk,t aː m ə l ə k,0,tamelijk,0
{dut}tandem,t ɑ n d ɛ m,0,tandem,0
{dut}tanden,t ɑ n d ə n,0,tanden,0
{dut}tanker,t ɛ ŋ k ə r,0,tanker,0
{dut}tarief,t aː r i f,0,tarief,0
{dut}tegelen,t eː ɣ ə l ə n,0,tegelen,0
{dut}tegenwerpen,t eː ɣ ə n ʋ ɛ r p ə n,0,tegenwerpen,0
{dut}telefoonnummer,t eː l ə f oː n ʏ m ə r,0,telefoonnummer,0
{dut}tempel,t ɛ m p ə l,0,tempel,0
{dut}teun,t øː n,0,teun,0
{dut}thee,t eː,0,thee,0
{dut}theo,t eː j oː,0,theo,0
{dut}tij,t ɛ i̯,0,tij,0
{dut}toendra,t u n d r aː,0,toendra,0
{dut}toerisme,t u r ɪ s m ə,0,toerisme,0
{dut}toeslag,t u s l ɑ x,0,toeslag,0
{dut}toets,t u t s,0,toets,0
{dut}toevluchtsoord,t u v l ʏ x t s oː r t,0,toevluchtsoord,0
{dut}toevoegen,t u v u ɣ ə n,0,toevoegen,0
{dut}tong,t ɔ ŋ,0,tong,0
{dut}topper,t ɔ p ə r,0,topper,0
{dut}training,t r eː n ɪ ŋ,0,training,0
{dut}treffen,t r ɛ f ə n,0,treffen,0
{dut}tsarina,t s aː r i n aː,0,tsarina,0
{dut}tuinkers,t œ y̯ ŋ k ɛ r s,0,tuinkers,0
{dut}tuniek,t y n i k,0,tuniek,0
{dut}turbulentie,t ʏ r b y l ɛ n s i,0,turbulentie,0
{dut}tussenruimtetjes,t ʏ s ə n r œ y̯ m t ə t j ə s,0,tussenruimtetjes,0
{dut}tussenstop,t ʏ s ə n s t ɔ p,0,tussenstop,0
{dut}tweede,t ʋ eː d ə,0,tweede,0
{dut}twijfel,t ʋ ɛ i̯ f ə l,0,twijfel,0
{dut}ui,œ y̯,0,ui,0
{dut}uil,œ y̯ l,0,uil,0
{dut}uitdrukken,œ y̯ d r ʏ k ə n,0,uitdrukken,0
{dut}uiterwaard,œ y̯ t ə r ʋ aː r t,0,uiterwaard,0
{dut}uitgebaat,œ y̯ t x ə b aː t,0,uitgebaat,0
{dut}uitstel,œ y̯ t s t ɛ l,0,uitstel,0
{dut}uitverkocht,œ y̯ t f ə r k ɔ x t,0,uitverkocht,0
{dut}unaniem,y n aː n i m,0,unaniem,0
{dut}unie,y n i,0,unie,0
{dut}uniform,y n i f ɔ r m,0,uniform,0
{dut}universiteit,y n i v ɛ r z i t ɛ i̯ t,0,universiteit,0
{dut}update,ʏ p d eː t,0,update,0
{dut}uploaden,ʏ p l oː d ə n,0,uploaden,0
{dut}vaardig,v aː r d ə x,0,vaardig,0
{dut}vaas,v aː s,0,vaas,0
{dut}vakantieganger,v aː k ɑ n t s i ɣ ɑ ŋ ə r,0,vakantieganger,0
{dut}vangrail,v ɑ ŋ r eː l,0,vangrail,0
{dut}vangt,v ɑ ŋ t,0,vangt,0
{dut}vanwaar,v ɑ n ʋ aː r,0,vanwaar,0
{dut}vaticaan,v aː t i k aː n,0,vaticaan,0
{dut}vaticaans,v aː t i k aː n s,0,vaticaans,0
{dut}vatten,v ɑ t ə n,0,vatten,0
{dut}veenendaal,v eː n ə n d aː l,0,veenendaal,0
{dut}vegetatie,v eː ɣ ə t aː t s i,0,vegetatie,0
{dut}vele,v eː l ə,0,vele,0
{dut}vennootschap,v ɛ n oː t s x ɑ p,0,vennootschap,0
{dut}vennootschapsbelasting,v ɛ n oː t s x ɑ p s b ə l ɑ s t ɪ ŋ,0,vennootschapsbelasting,0
{dut}vergaren,v ə r ɣ aː r ə n,0,vergaren,0
{dut}verkrachten,v ə r k r ɑ x t ə n,0,verkrachten,0
{dut}verliest,v ə r l i s t,0,verliest,0
{dut}verloren,v ə r l oː r ə n,0,verloren,0
{dut}versie,v ɛ r z i,0,versie,0
{dut}vertrekt,v ə r t r ɛ k t,0,vertrekt,0
{dut}vervuiling,v ə r v œ y̯ l ɪ ŋ,0,vervuiling,0
{dut}vijfentwintig,v ɛ i̯ f ɛ n t ʋ ɪ n t ə x,0,vijfentwintig,0
{dut}vijzel,v ɛ i̯ z ə l,0,vijzel,0
{dut}vinger,v ɪ ŋ ə r,0,vinger,0
{dut}violen,v i j oː l ə n,0,violen,0
{dut}virusremmer,v iː r ʏ s r ɛ m ə r,0,virusremmer,0
{dut}visie,v i z i,0,visie,0
{dut}vleermuis,v l eː r m œ y̯ s,0,vleermuis,0
{dut}vlekken,v l ɛ k ə n,0,vlekken,0
{dut}vloer,v l u r,0,vloer,0
{dut}vluchteling,v l ʏ x t ə l ɪ ŋ,0,vluchteling,0
{dut}vochtigheid,v ɔ x t ə x ɦ ɛ i̯ t,0,vochtigheid,0
{dut}voedsel,v u t s ə l,0,voedsel,0
{dut}voetballen,v u t b ɑ l ə n,0,voetballen,0
{dut}voetnoot,v u t n oː t,0,voetnoot,0
{dut}volkslied,v ɔ l k s l i t,0,volkslied,0
{dut}vonkelwijn,v ɔ ŋ k ə l ʋ ɛ i̯ n,0,vonkelwijn,0
{dut}vooral,v oː r ɑ l,0,vooral,0
{dut}voordragen,v oː r d r aː ɣ ə n,0,voordragen,0
{dut}voorhoofd,v oː r ɦ oː f t,0,voorhoofd,0
{dut}voorkomen,v oː r k oː m ə n,0,voorkomen,0
{dut}voorliefde,v oː r l i f d ə,0,voorliefde,0
{dut}vooruitgang,v oː r œ y̯ t x ɑ ŋ,0,vooruitgang,0
{dut}voorvaderlijk,v oː r v aː d ə r l ə k,0,voorvaderlijk,0
{dut}vorstenhuis,v ɔ r s t ə n ɦ œ y̯ s,0,vorstenhuis,0
{dut}vredesmacht,v r eː d ə s m ɑ x t,0,vredesmacht,0
{dut}vredig,v r eː d ə x,0,vredig,0
{dut}vrijgezellenfeest,v r ɛ i̯ ɣ ə z ɛ l ə n f eː s t,0,vrijgezellenfeest,0
{dut}vrijwilligerswerk,v r ɛ i̯ ʋ ɪ l ə ɣ ə r s ʋ ɛ r k,0,vrijwilligerswerk,0
{dut}vulkaan,v ʏ l k aː n,0,vulkaan,0
{dut}vwo,v eː ʋ eː oː,0,vwo,0
{dut}waarschuwingsschot,ʋ aː r s x y u̯ ɪ ŋ s x ɔ t,0,waarschuwingsschot,0
{dut}wam,ʋ ɑ m,0,wam,0
{dut}warenhuis,ʋ aː r ə n ɦ œ y̯ s,0,warenhuis,0
{dut}wassen,ʋ ɑ s ə n,0,wassen,0
{dut}water,ʋ aː t ə r,0,water,0
{dut}wc,ʋ eː s eː,0,wc,0
{dut}week,ʋ eː k,0,week,0
{dut}wegdek,ʋ ɛ x d ɛ k,0,wegdek,0
{dut}weken,ʋ eː k ə n,0,weken,0
{dut}wereldbeeld,ʋ eː r ə l t b eː l t,0,wereldbeeld,0
{dut}weren,ʋ eː r ə n,0,weren,0
{dut}werkelijkheid,ʋ ɛ r k ə l ə k ɦ ɛ i̯ t,0,werkelijkheid,0
{dut}werkloze,ʋ ɛ r k l oː z ə,0,werkloze,0
{dut}werkt,ʋ ɛ r k t,0,werkt,0
{dut}westland,ʋ ɛ s t l ɑ n t,0,westland,0
{dut}wet,ʋ ɛ t,0,wet,0
{dut}whisky,ʋ ɪ s k i,0,whisky,0
{dut}wild,ʋ ɪ l t,0,wild,0
{dut}wildebras,ʋ ɪ l d ə b r ɑ s,0,wildebras,0
{dut}wilhelmina,ʋ ɪ l ɦ ɛ l m i n aː,0,wilhelmina,0
{dut}windkracht,ʋ ɪ n t k r ɑ x t,0,windkracht,0
{dut}woest,ʋ u s t,0,woest,0
{dut}wolven,ʋ ɔ l v ə n,0,wolven,0
{dut}wonen,ʋ oː n ə n,0,wonen,0
{dut}woonplaats,ʋ oː n p l aː t s,0,woonplaats,0
{dut}woont,ʋ oː n t,0,woont,0
{dut}woordenwisseling,ʋ oː r d ə n ʋ ɪ s ə l ɪ ŋ,0,woordenwisseling,0
{dut}xenofobie,k s eː n oː f oː b i,0,xenofobie,0
{dut}yen,j ɛ n,0,yen,0
{dut}yes,j ɛ s,0,yes,0
{dut}zak,z ɑ k,0,zak,0
{dut}zakkenvuller,z ɑ k ə n v ʏ l ə r,0,zakkenvuller,0
{dut}zal,z ɑ l,0,zal,0
{dut}zaligen,z aː l ə ɣ ə n,0,zaligen,0
{dut}zambia,z ɑ m b i aː,0,zambia,0
{dut}zandgrond,z ɑ n t x r ɔ n t,0,zandgrond,0
{dut}zandsteen,z ɑ n t s t eː n,0,zandsteen,0
{dut}zeegat,z eː ɣ ɑ t,0,zeegat,0
{dut}zeeoor,z eː oː r,0,zeeoor,0
{dut}zeeslag,z eː s l ɑ x,0,zeeslag,0
{dut}zeespiegel,z eː s p i ɣ ə l,0,zeespiegel,0
{dut}zeevaarder,z eː v aː r d ə r,0,zeevaarder,0
{dut}zeggenschap,z ɛ ɣ ə n s x ɑ p,0,zeggenschap,0
{dut}zei,z ɛ i̯,0,zei,0
{dut}zelfmoord,z ɛ l f m oː r t,0,zelfmoord,0
{dut}zelfverzekerd,z ɛ l f ə r z eː k ə r t,0,zelfverzekerd,0
{dut}zesentwintig,z ɛ s ɛ n t ʋ ɪ n t ə x,0,zesentwintig,0
{dut}zestiende,z ɛ s t i n d ə,0,zestiende,0
{dut}zette,z ɛ t ə,0,zette,0
{dut}zeug,z øː x,0,zeug,0
{dut}zeventigste,s eː v ə n t ə x s t ə,0,zeventigste,0
{dut}zijd,z ɛ i̯ t,0,zijd,0
{dut}zindelijkheid,z ɪ n d ə l ə k ɦ ɛ i̯ t,0,zindelijkheid,0
{dut}zinloos,z ɪ n l oː s,0,zinloos,0
{dut}zitvlak,z ɪ t f l ɑ k,0,zitvlak,0
{dut}zitzak,z ɪ t s ɑ k,0,zitzak,0
{dut}zodat,z oː d ɑ t,0,zodat,0
{dut}zoekopdracht,z u k ɔ p d r ɑ x t,0,zoekopdracht,0
{dut}zoeten,z u t ə n,0,zoeten,0
{dut}zomerhuis,z oː m ə r ɦ œ y̯ s,0,zomerhuis,0
{dut}zondigen,z ɔ n d ə ɣ ə n,0,zondigen,0
{dut}zonnegod,z ɔ n ə ɣ ɔ t,0,zonnegod,0
{dut}zonneklaar,z ɔ n ə k l aː r,0,zonneklaar,0
{dut}zonnestelsel,z ɔ n ə s t ɛ l s ə l,0,zonnestelsel,0
{dut}zoveel,z oː v eː l,0,zoveel,0
{dut}zowaar,z oː ʋ aː r,0,zowaar,0
{dut}zuidoosten,z œ y̯ t oː s t ə n,0,zuidoosten,0
{dut}zuidwesten,z œ y̯ t ʋ ɛ s t ə n,0,zuidwesten,0
{dut}zuidwester,z œ y̯ t ʋ ɛ s t ə r,0,zuidwester,0
{dut}zuil,z œ y̯ l,0,zuil,0
{dut}zulks,z ʏ l k s,0,zulks,0
{dut}zult,z ʏ l t,0,zult,0
{dut}zuster,z ʏ s t ə r,0,zuster,0
{dut}zwaartepunt,z ʋ aː r t ə p ʏ n t,0,zwaartepunt,0
{dut}zwak,z ʋ ɑ k,0,zwak,0
